sekcja,placik,n,gen,frakcja_hi,zgodnosc,zgodnosc_perm,z
C57BL6J-638850.05,ANcr2,411,Ebf2,0.49878345498783455,0.6496350364963503,0.49854095701540957,11.110976180548542
C57BL6J-638850.05,COPY,149,Ebf2,0.4966442953020134,0.5302013422818792,0.4964697986577182,1.4317602414670698
C57BL6J-638850.05,FOTU,94,Ebf2,0.5,0.6578014184397163,0.49381914893617024,6.223791282110467
C57BL6J-638850.05,PRM,352,Ebf2,0.5,0.6089015151515151,0.4990123106060606,7.487273916130257
C57BL6J-638850.05,PYR,116,Ebf2,0.5,0.514367816091954,0.49694827586206897,0.714006306966146
C57BL6J-638850.05,UVU,351,Ebf2,0.4985754985754986,0.5565052231718899,0.49935897435897436,3.839515183679942
C57BL6J-638850.06,ANcr2,383,Ebf2,0.49869451697127937,0.6409921671018277,0.49901305483028724,9.854906921786085
C57BL6J-638850.06,COPY,101,Ebf2,0.49504950495049505,0.5742574257425742,0.49568646864686466,3.0544583537324193
C57BL6J-638850.06,DEC,58,Ebf2,0.4827586206896552,0.617816091954023,0.491051724137931,3.858309896922564
C57BL6J-638850.06,PRM,254,Ebf2,0.5,0.6351706036745407,0.49837139107611544,7.807396487505311
C57BL6J-638850.06,PYR,61,Ebf2,0.4918032786885246,0.6038251366120219,0.49487978142076505,3.22469560813686
C57BL6J-638850.06,UVU,372,Ebf2,0.5,0.5900537634408602,0.4989695340501793,6.647845997439488
C57BL6J-638850.08,ANcr1,124,Ebf2,0.5,0.5497311827956989,0.4954166666666666,2.125506282227562
C57BL6J-638850.08,ANcr2,271,Ebf2,0.4981549815498155,0.6322263222632226,0.49748585485854857,8.018371205911473
C57BL6J-638850.08,COPY,94,Ebf2,0.44680851063829785,0.6152482269503546,0.5019609929078014,4.091310122035379
C57BL6J-638850.08,DEC,214,Ebf2,0.5,0.5155763239875389,0.4976853582554518,0.9195959332561159
C57BL6J-638850.08,NOD,223,Ebf2,0.4977578475336323,0.523168908819133,0.4980134529147982,1.4078864745601711
C57BL6J-638850.08,PRM,136,Ebf2,0.47058823529411764,0.4852941176470588,0.496453431372549,-0.47332499739554657
C57BL6J-638850.09,ANcr1,242,Ebf2,0.35537190082644626,0.587465564738292,0.5401143250688705,2.943625031041375
C57BL6J-638850.09,ANcr2,338,Ebf2,0.5,0.5428994082840237,0.49742998027613405,2.995078633139737
C57BL6J-638850.09,COPY,110,Ebf2,0.4727272727272727,0.5696969696969697,0.4994878787878788,2.8414654920460602
C57BL6J-638850.09,"CUL4, 5",498,Ebf2,0.5,0.5,0.4994839357429719,0.041685904501844416
C57BL6J-638850.09,DEC,268,Ebf2,0.5,0.49502487562189057,0.4981181592039801,-0.19217883188562201
C57BL6J-638850.09,NOD,228,Ebf2,0.4780701754385965,0.5548245614035088,0.4999488304093567,3.042596743663507
C57BL6J-638850.09,PRM,111,Ebf2,0.3783783783783784,0.5540540540540541,0.525114114114114,1.165314729947771
C57BL6J-638850.09,SIM,155,Ebf2,0.4967741935483871,0.5053763440860215,0.495316129032258,0.4423923696881871
C57BL6J-638850.10,ANcr1,100,Ebf2,0.34,0.6733333333333333,0.5454100000000001,5.445141942414406
C57BL6J-638850.10,ANcr2,78,Ebf2,0.46153846153846156,0.5555555555555556,0.49677350427350425,2.036862094173315
C57BL6J-638850.10,"CUL4, 5",131,Ebf2,0.4961832061068702,0.5508905852417303,0.4970432569974555,2.4115905613497906
C57BL6J-638850.10,DEC,93,Ebf2,0.4946236559139785,0.5089605734767025,0.4944874551971326,0.5001810961711326
C57BL6J-638850.10,SIM,129,Ebf2,0.49612403100775193,0.48578811369509045,0.49691472868217057,-0.4666880482303441
C57BL6J-638850.11,ANcr1,75,Ebf2,0.48,0.5977777777777777,0.4936488888888889,3.4652650665608147
C57BL6J-638850.11,ANcr2,54,Ebf2,0.18518518518518517,0.6882716049382716,0.6929444444444445,-0.21089336691887262
C57BL6J-638850.11,"CUL4, 5",518,Ebf2,0.5,0.5427927927927928,0.49897297297297294,3.7639694409851225
C57BL6J-638850.11,SIM,204,Ebf2,0.5,0.5718954248366013,0.49785130718954246,3.88059259061316
C57BL6J-638850.12,ANcr1,170,Ebf2,0.4470588235294118,0.6862745098039216,0.5022196078431372,9.043236469520139
C57BL6J-638850.12,CENT3,144,Ebf2,0.5,0.5046296296296297,0.496625,0.3644399436607637
C57BL6J-638850.12,"CUL4, 5",197,Ebf2,0.49746192893401014,0.5710659898477157,0.4965617597292724,3.8334670330577283
C57BL6J-638850.12,PFL,70,Ebf2,0.15714285714285714,0.7261904761904762,0.732152380952381,-0.2849099486009107
C57BL6J-638850.12,SIM,128,Ebf2,0.5,0.5924479166666666,0.4961328125,3.869365843200365
C57BL6J-638850.13,ANcr1,242,Ebf2,0.3305785123966942,0.678374655647383,0.5565757575757575,7.616861812849493
C57BL6J-638850.13,CENT2,53,Ebf2,0.49056603773584906,0.46226415094339623,0.49204402515723267,-0.8325709873372976
C57BL6J-638850.13,CENT3,311,Ebf2,0.4983922829581994,0.5616291532690246,0.49909003215434083,4.019686512205471
C57BL6J-638850.13,"CUL4, 5",344,Ebf2,0.5,0.5813953488372093,0.4990562015503876,5.769018175946067
C57BL6J-638850.13,SIM,254,Ebf2,0.5,0.5656167979002624,0.49877690288713905,3.6771335478084177
C57BL6J-638850.14,ANcr1,480,Ebf2,0.27708333333333335,0.6486111111111111,0.5981895833333334,4.872623255153538
C57BL6J-638850.14,CENT2,150,Ebf2,0.5,0.46,0.49593111111111116,-1.666473881585819
C57BL6J-638850.14,CENT3,421,Ebf2,0.498812351543943,0.5150435471100554,0.4991298495645288,1.2133580220481512
C57BL6J-638850.14,"CUL4, 5",440,Ebf2,0.5,0.5924242424242424,0.4994227272727273,7.0128266216260915
C57BL6J-638850.14,PFL,306,Ebf2,0.3104575163398693,0.6002178649237473,0.5700631808278868,2.274325816263093
C57BL6J-638850.14,SIM,433,Ebf2,0.49884526558891457,0.6401077752117013,0.49737028483448803,11.238655547603537
C57BL6J-638850.15,ANcr1,275,Ebf2,0.3018181818181818,0.6139393939393939,0.57752,2.486847082357055
C57BL6J-638850.15,CENT2,268,Ebf2,0.5,0.503731343283582,0.49682213930348257,0.44057967819042987
C57BL6J-638850.15,CENT3,447,Ebf2,0.4988814317673378,0.49030574198359433,0.49860999254287847,-0.6131109169847182
C57BL6J-638850.15,"CUL4, 5",174,Ebf2,0.5,0.5431034482758621,0.497,2.3636794643699197
C57BL6J-638850.15,FL,51,Ebf2,0.1568627450980392,0.7712418300653595,0.7316928104575162,1.8636644776658224
C57BL6J-638850.15,PFL,252,Ebf2,0.34523809523809523,0.5701058201058201,0.5457050264550265,1.562577545684343
C57BL6J-638850.15,SIM,453,Ebf2,0.4988962472406181,0.5864606328182487,0.4997093451066961,6.753056620834341
C57BL6J-638850.16,ANcr1,191,Ebf2,0.2670157068062827,0.6474694589877836,0.6066038394415358,2.5189280939244183
C57BL6J-638850.16,CENT2,153,Ebf2,0.49673202614379086,0.5359477124183006,0.495562091503268,1.8538749120800067
C57BL6J-638850.16,CENT3,79,Ebf2,0.4936708860759494,0.6455696202531646,0.49530379746835446,5.022908640892116
C57BL6J-638850.16,"CUL4, 5",164,Ebf2,0.5,0.5274390243902439,0.4971483739837398,1.378666344814563
C57BL6J-638850.16,FL,65,Ebf2,0.4,0.46923076923076923,0.5124410256410256,-1.4123887957004324
C57BL6J-638850.16,PFL,176,Ebf2,0.2784090909090909,0.6609848484848485,0.595314393939394,4.007156715901168
C57BL6J-638850.16,SIM,533,Ebf2,0.49906191369606,0.6325828642901814,0.4990737961225766,11.90752042221351
C57BL6J-638850.17,CENT2,215,Ebf2,0.49767441860465117,0.4968992248062015,0.49693953488372095,-0.0021756726169754274
C57BL6J-638850.17,"CUL4, 5",164,Ebf2,0.32926829268292684,0.6158536585365854,0.5562825203252032,3.1908728680479115
C57BL6J-638850.17,FL,121,Ebf2,0.39669421487603307,0.4807162534435262,0.5182479338842975,-1.6336080895691891
C57BL6J-638850.17,SIM,334,Ebf2,0.5,0.592814371257485,0.4988373253493014,5.946067509106553
C57BL6J-638850.18,"CUL4, 5",73,Ebf2,0.1917808219178082,0.7488584474885844,0.6855433789954338,2.87672361449593
C57BL6J-638850.18,FL,52,Ebf2,0.28846153846153844,0.717948717948718,0.5804679487179487,4.514738606295384
C57BL6J-638850.18,SIM,155,Ebf2,0.4967741935483871,0.5559139784946237,0.49731182795698925,2.640911813770244
C57BL6J-638850.05,ANcr2,411,Ebf1,0.49878345498783455,0.5340632603406326,0.49860665044606645,2.6945511166309144
C57BL6J-638850.05,COPY,149,Ebf1,0.4966442953020134,0.5279642058165548,0.4951364653243849,1.4282340796243385
C57BL6J-638850.05,DEC,201,Ebf1,0.4975124378109453,0.5165837479270315,0.49784577114427864,1.0177623247647507
C57BL6J-638850.05,FOTU,94,Ebf1,0.5,0.5212765957446809,0.4923297872340426,1.1086906098510965
C57BL6J-638850.05,PRM,352,Ebf1,0.5,0.5762310606060606,0.4983740530303031,5.584904174843418
C57BL6J-638850.05,PYR,116,Ebf1,0.5,0.5100574712643678,0.495,0.6179503088509907
C57BL6J-638850.05,UVU,351,Ebf1,0.4985754985754986,0.5517568850902185,0.4982317188983856,3.732951527068737
C57BL6J-638850.06,ANcr2,383,Ebf1,0.49869451697127937,0.49521322889469105,0.49853698868581375,-0.25534856546325135
C57BL6J-638850.06,COPY,101,Ebf1,0.49504950495049505,0.49504950495049505,0.49411551155115513,0.03600630979310736
C57BL6J-638850.06,DEC,58,Ebf1,0.5,0.5287356321839081,0.4914540229885057,1.1112646102860126
C57BL6J-638850.06,PRM,254,Ebf1,0.5,0.4849081364829396,0.4968543307086615,-0.7444740775513611
C57BL6J-638850.06,PYR,61,Ebf1,0.4918032786885246,0.4781420765027322,0.48995081967213117,-0.3763667415600302
C57BL6J-638850.06,UVU,372,Ebf1,0.5,0.49910394265232977,0.4981111111111111,0.07409401714404729
C57BL6J-638850.08,ANcr1,124,Ebf1,0.5,0.5362903225806451,0.4969677419354839,1.599098118829301
C57BL6J-638850.08,ANcr2,271,Ebf1,0.4981549815498155,0.5565805658056581,0.4989434194341943,3.2513260972928877
C57BL6J-638850.08,COPY,94,Ebf1,0.5,0.5319148936170213,0.493,1.4625978716428518
C57BL6J-638850.08,DEC,214,Ebf1,0.5,0.5015576323987538,0.4982850467289719,0.16928565321364925
C57BL6J-638850.08,NOD,223,Ebf1,0.4977578475336323,0.5194319880418535,0.49735276532137523,1.2758864759608148
C57BL6J-638850.08,PRM,136,Ebf1,0.5,0.4877450980392157,0.49730392156862746,-0.4202742375908967
C57BL6J-638850.09,ANcr1,242,Ebf1,0.5,0.5433884297520661,0.4982878787878788,2.551735684130215
C57BL6J-638850.09,ANcr2,338,Ebf1,0.5,0.5103550295857988,0.49784418145956605,0.9060772059066051
C57BL6J-638850.09,COPY,110,Ebf1,0.5,0.47424242424242424,0.4977242424242424,-0.9098449013725772
C57BL6J-638850.09,"CUL4, 5",498,Ebf1,0.5,0.5036813922356091,0.4991626506024096,0.36615803650000833
C57BL6J-638850.09,DEC,268,Ebf1,0.5,0.5317164179104478,0.4974303482587065,2.0881197625839207
C57BL6J-638850.09,NOD,228,Ebf1,0.5,0.5116959064327485,0.49767836257309944,0.7541398967752042
C57BL6J-638850.09,PRM,111,Ebf1,0.4954954954954955,0.496996996996997,0.4967987987987988,0.00833411434770205
C57BL6J-638850.09,SIM,155,Ebf1,0.4967741935483871,0.5096774193548387,0.4972064516129033,0.56951256829402
C57BL6J-638850.10,ANcr1,100,Ebf1,0.5,0.55,0.4964966666666667,2.078979406841769
C57BL6J-638850.10,ANcr2,78,Ebf1,0.5,0.5876068376068376,0.4917521367521368,3.3233057962785697
C57BL6J-638850.10,"CUL4, 5",131,Ebf1,0.4961832061068702,0.5597964376590331,0.4953562340966921,2.5720288003309792
C57BL6J-638850.10,DEC,93,Ebf1,0.4946236559139785,0.5376344086021505,0.49488530465949826,1.5706591858626464
C57BL6J-638850.10,SIM,129,Ebf1,0.49612403100775193,0.5103359173126615,0.4954935400516796,0.630267768173059
C57BL6J-638850.11,ANcr1,75,Ebf1,0.49333333333333335,0.5977777777777777,0.49520444444444445,3.2801982421492273
C57BL6J-638850.11,ANcr2,54,Ebf1,0.5,0.5555555555555556,0.4917222222222222,1.849966235368828
C57BL6J-638850.11,"CUL4, 5",518,Ebf1,0.5,0.648005148005148,0.4990637065637066,11.996505851973087
C57BL6J-638850.11,SIM,204,Ebf1,0.5,0.5841503267973857,0.49768464052287587,4.498964041966718
C57BL6J-638850.12,ANcr1,170,Ebf1,0.5,0.5676470588235294,0.4969196078431373,3.433738160194053
C57BL6J-638850.12,CENT3,144,Ebf1,0.5,0.5231481481481481,0.49601851851851847,1.2121598570780086
C57BL6J-638850.12,"CUL4, 5",197,Ebf1,0.49746192893401014,0.6023688663282571,0.4986192893401015,5.24495487537194
C57BL6J-638850.12,PFL,70,Ebf1,0.5,0.5976190476190476,0.491752380952381,3.529903982292813
C57BL6J-638850.12,SIM,128,Ebf1,0.5,0.52734375,0.4965807291666666,1.2822993440782444
C57BL6J-638850.13,ANcr1,242,Ebf1,0.5,0.5523415977961432,0.4980179063360881,3.1873421397599846
C57BL6J-638850.13,CENT2,53,Ebf1,0.49056603773584906,0.4748427672955975,0.4897358490566038,-0.42363070499473193
C57BL6J-638850.13,CENT3,311,Ebf1,0.4983922829581994,0.5841371918542336,0.49860235798499464,5.718335946735208
C57BL6J-638850.13,"CUL4, 5",344,Ebf1,0.5,0.5406976744186046,0.4986550387596899,2.80545988462917
C57BL6J-638850.13,PFL,151,Ebf1,0.4966887417218543,0.5838852097130243,0.4978719646799117,3.903085779443035
C57BL6J-638850.13,SIM,254,Ebf1,0.5,0.5564304461942258,0.4984291338582677,3.3811670541460517
C57BL6J-638850.14,ANcr1,480,Ebf1,0.5,0.5177083333333333,0.4985097222222222,1.5903570636842288
C57BL6J-638850.14,CENT2,150,Ebf1,0.5,0.47888888888888886,0.49789111111111106,-0.8309036749905089
C57BL6J-638850.14,CENT3,421,Ebf1,0.498812351543943,0.502375296912114,0.4984338875692795,0.2961802061654145
C57BL6J-638850.14,"CUL4, 5",440,Ebf1,0.5,0.540530303030303,0.4990060606060606,3.272683927567686
C57BL6J-638850.14,PFL,306,Ebf1,0.5,0.5321350762527233,0.49908823529411767,2.0970953553248823
C57BL6J-638850.14,SIM,433,Ebf1,0.49884526558891457,0.5015396458814473,0.5003987682832949,0.09004208937507292
C57BL6J-638850.15,ANcr1,275,Ebf1,0.49818181818181817,0.4915151515151515,0.4976678787878788,-0.37166400286598367
C57BL6J-638850.15,CENT2,268,Ebf1,0.5,0.5043532338308457,0.4969875621890547,0.4376234774713136
C57BL6J-638850.15,CENT3,447,Ebf1,0.4988814317673378,0.4727815063385533,0.498641312453393,-2.068703836340855
C57BL6J-638850.15,"CUL4, 5",174,Ebf1,0.5,0.4731800766283525,0.4967816091954023,-1.1550871988387048
C57BL6J-638850.15,FL,51,Ebf1,0.49019607843137253,0.5130718954248366,0.49175163398692806,0.5761205054550047
C57BL6J-638850.15,PFL,252,Ebf1,0.5,0.5152116402116402,0.49902116402116403,0.8893498346952727
C57BL6J-638850.15,SIM,453,Ebf1,0.4988962472406181,0.4845474613686534,0.49891758646063283,-1.057969442824913
C57BL6J-638850.16,ANcr1,191,Ebf1,0.4973821989528796,0.4956369982547993,0.4957050610820244,-0.0035945390688559686
C57BL6J-638850.16,CENT2,153,Ebf1,0.49673202614379086,0.5272331154684096,0.4971960784313726,1.342299569875148
C57BL6J-638850.16,CENT3,79,Ebf1,0.4936708860759494,0.5042194092827004,0.49433755274261604,0.3485017334851977
C57BL6J-638850.16,"CUL4, 5",164,Ebf1,0.5,0.4969512195121951,0.49744918699186985,-0.023343130505606272
C57BL6J-638850.16,FL,65,Ebf1,0.49230769230769234,0.46153846153846156,0.48983076923076924,-0.8808985106721391
C57BL6J-638850.16,PFL,176,Ebf1,0.5,0.48579545454545453,0.4974526515151515,-0.528519022807908
C57BL6J-638850.16,SIM,533,Ebf1,0.49906191369606,0.5112570356472795,0.49950781738586614,0.9419106136325046
C57BL6J-638850.17,CENT2,215,Ebf1,0.49767441860465117,0.4945736434108527,0.49818914728682173,-0.19652662468232907
C57BL6J-638850.17,"CUL4, 5",164,Ebf1,0.5,0.47560975609756095,0.49608943089430896,-0.9557938860743875
C57BL6J-638850.17,FL,121,Ebf1,0.49586776859504134,0.5082644628099173,0.4967382920110192,0.4406062584726139
C57BL6J-638850.17,SIM,334,Ebf1,0.5,0.4870259481037924,0.4985459081836327,-0.7393730582375075
C57BL6J-638850.18,"CUL4, 5",73,Ebf1,0.4931506849315068,0.5365296803652968,0.49406849315068496,1.4569384284526268
C57BL6J-638850.18,FL,52,Ebf1,0.5,0.5128205128205128,0.4897371794871795,0.6643131420576461
C57BL6J-638850.18,SIM,155,Ebf1,0.4967741935483871,0.5182795698924731,0.49568387096774197,1.11536732219554
C57BL6J-638850.05,ANcr2,411,Ebf3,0.49878345498783455,0.49716139497161393,0.4991500405515004,-0.14366433246979973
C57BL6J-638850.05,COPY,149,Ebf3,0.4966442953020134,0.5156599552572707,0.4968187919463087,0.8147799595191231
C57BL6J-638850.05,DEC,201,Ebf3,0.4975124378109453,0.48507462686567165,0.49734825870646765,-0.6798304779501967
C57BL6J-638850.05,FOTU,94,Ebf3,0.5,0.4787234042553192,0.49495390070921985,-0.601240608389564
C57BL6J-638850.05,PRM,352,Ebf3,0.5,0.5085227272727273,0.4984573863636364,0.70015591338606
C57BL6J-638850.05,PYR,116,Ebf3,0.5,0.49137931034482757,0.49462356321839074,-0.1348576673460239
C57BL6J-638850.05,UVU,351,Ebf3,0.4985754985754986,0.5128205128205128,0.49928774928774927,0.9215004725250836
C57BL6J-638850.06,ANcr2,383,Ebf3,0.49869451697127937,0.4934725848563969,0.4984804177545692,-0.3552362977333968
C57BL6J-638850.06,COPY,101,Ebf3,0.49504950495049505,0.4636963696369637,0.4956039603960396,-1.2122107258138577
C57BL6J-638850.06,DEC,58,Ebf3,0.5,0.4827586206896552,0.4908505747126437,-0.24722484613177934
C57BL6J-638850.06,PRM,254,Ebf3,0.5,0.5137795275590551,0.49810498687664045,0.8988410429114124
C57BL6J-638850.06,PYR,61,Ebf3,0.4918032786885246,0.4890710382513661,0.4929180327868853,-0.11394870519176557
C57BL6J-638850.06,UVU,372,Ebf3,0.5,0.5085125448028673,0.4986487455197133,0.711631688933247
C57BL6J-638850.08,ANcr1,124,Ebf3,0.5,0.5040322580645161,0.49804569892473116,0.23858131737082242
C57BL6J-638850.08,ANcr2,271,Ebf3,0.4981549815498155,0.4612546125461255,0.4977158671586716,-2.27333345321357
C57BL6J-638850.08,COPY,94,Ebf3,0.5,0.475177304964539,0.4948900709219858,-0.7080177672009297
C57BL6J-638850.08,DEC,214,Ebf3,0.5,0.5070093457943925,0.49842211838006234,0.44745881039612645
C57BL6J-638850.08,NOD,223,Ebf3,0.4977578475336323,0.5022421524663677,0.49708520179372195,0.28767435552837295
C57BL6J-638850.08,PRM,136,Ebf3,0.5,0.5110294117647058,0.49587009803921567,0.6667275978466413
C57BL6J-638850.09,ANcr1,242,Ebf3,0.5,0.4765840220385675,0.4979862258953168,-1.2019867277279077
C57BL6J-638850.09,ANcr2,338,Ebf3,0.5,0.5093688362919132,0.49774358974358973,0.7747185268441074
C57BL6J-638850.09,COPY,110,Ebf3,0.5,0.4575757575757576,0.49479999999999996,-1.5447803378586467
C57BL6J-638850.09,"CUL4, 5",498,Ebf3,0.5,0.4892904953145917,0.49919812583668,-0.7923864832870305
C57BL6J-638850.09,DEC,268,Ebf3,0.5,0.5105721393034826,0.4982300995024876,0.7503236218918246
C57BL6J-638850.09,NOD,228,Ebf3,0.5,0.5562865497076024,0.49960087719298246,3.0456275203940932
C57BL6J-638850.09,PRM,111,Ebf3,0.4954954954954955,0.5315315315315315,0.49566366366366366,1.395410288750994
C57BL6J-638850.09,SIM,155,Ebf3,0.4967741935483871,0.47419354838709676,0.4970881720430108,-1.0253251345278112
C57BL6J-638850.10,ANcr1,100,Ebf3,0.5,0.5416666666666666,0.4969566666666667,1.7152800685392622
C57BL6J-638850.10,ANcr2,78,Ebf3,0.5,0.5341880341880342,0.49375641025641026,1.3256633204523829
C57BL6J-638850.10,"CUL4, 5",131,Ebf3,0.4961832061068702,0.539440203562341,0.4946284987277354,1.9732639718864267
C57BL6J-638850.10,DEC,93,Ebf3,0.4946236559139785,0.4874551971326165,0.49561648745519715,-0.2827496723735861
C57BL6J-638850.10,SIM,129,Ebf3,0.49612403100775193,0.4819121447028424,0.4973152454780362,-0.6323979553029593
C57BL6J-638850.11,ANcr1,75,Ebf3,0.49333333333333335,0.4955555555555556,0.4955333333333333,0.0007574151542532571
C57BL6J-638850.11,ANcr2,54,Ebf3,0.5,0.4876543209876543,0.4891975308641975,-0.04706812732586545
C57BL6J-638850.11,"CUL4, 5",518,Ebf3,0.5,0.555019305019305,0.4994504504504505,4.756077048831811
C57BL6J-638850.11,SIM,204,Ebf3,0.5,0.5016339869281046,0.49785130718954246,0.2083470594624415
C57BL6J-638850.12,ANcr1,170,Ebf3,0.5,0.5254901960784314,0.4971098039215686,1.3446695685311185
C57BL6J-638850.12,CENT3,144,Ebf3,0.5,0.4837962962962963,0.4965625,-0.5489606854260585
C57BL6J-638850.12,"CUL4, 5",197,Ebf3,0.49746192893401014,0.5516074450084603,0.49681725888324874,2.8366504237056076
C57BL6J-638850.12,PFL,70,Ebf3,0.5,0.611904761904762,0.49183809523809524,4.054913512530553
C57BL6J-638850.12,SIM,128,Ebf3,0.5,0.4986979166666667,0.496375,0.09392058234728894
C57BL6J-638850.13,ANcr1,242,Ebf3,0.5,0.5034435261707989,0.49833333333333335,0.28159046036443747
C57BL6J-638850.13,CENT2,53,Ebf3,0.49056603773584906,0.46855345911949686,0.49375471698113205,-0.6988917355592666
C57BL6J-638850.13,CENT3,311,Ebf3,0.4983922829581994,0.5182207931404073,0.4976966773847803,1.3318315071129883
C57BL6J-638850.13,"CUL4, 5",344,Ebf3,0.5,0.5101744186046512,0.49912015503875967,0.7398150946824572
C57BL6J-638850.13,PFL,151,Ebf3,0.4966887417218543,0.5728476821192053,0.4978256070640177,3.426954329756393
C57BL6J-638850.13,SIM,254,Ebf3,0.5,0.5341207349081365,0.49937532808398954,1.9746257486598382
C57BL6J-638850.14,ANcr1,480,Ebf3,0.5,0.4861111111111111,0.4997541666666667,-1.0889673671221267
C57BL6J-638850.14,CENT2,150,Ebf3,0.5,0.48333333333333334,0.49567777777777783,-0.5802140932560401
C57BL6J-638850.14,CENT3,421,Ebf3,0.498812351543943,0.49683293745051466,0.49846001583531274,-0.11913644555684315
C57BL6J-638850.14,"CUL4, 5",440,Ebf3,0.5,0.4882575757575758,0.4986659090909091,-0.797355403506709
C57BL6J-638850.14,PFL,306,Ebf3,0.5,0.5315904139433552,0.4983148148148148,2.1750134171902316
C57BL6J-638850.14,SIM,433,Ebf3,0.49884526558891457,0.4969207082371055,0.4986458814472671,-0.13145483146276676
C57BL6J-638850.15,ANcr1,275,Ebf3,0.49818181818181817,0.5424242424242425,0.4978387878787879,2.906939577203934
C57BL6J-638850.15,CENT2,268,Ebf3,0.5,0.4968905472636816,0.4972549751243781,-0.022208019673989814
C57BL6J-638850.15,CENT3,447,Ebf3,0.4988814317673378,0.4716629381058911,0.4986517524235645,-2.047347899103328
C57BL6J-638850.15,"CUL4, 5",174,Ebf3,0.5,0.46360153256704983,0.4970114942528736,-1.6898828133689958
C57BL6J-638850.15,FL,51,Ebf3,0.49019607843137253,0.4869281045751634,0.4879542483660131,-0.02767283548851528
C57BL6J-638850.15,PFL,252,Ebf3,0.5,0.5145502645502645,0.4978571428571429,0.9959150212115626
C57BL6J-638850.15,SIM,453,Ebf3,0.4988962472406181,0.5077262693156733,0.4982097130242826,0.7221680652057821
C57BL6J-638850.16,ANcr1,191,Ebf3,0.4973821989528796,0.4598603839441536,0.49765794066317626,-1.9848849765927323
C57BL6J-638850.16,CENT2,153,Ebf3,0.49673202614379086,0.5261437908496732,0.4960435729847494,1.390435480047427
C57BL6J-638850.16,CENT3,79,Ebf3,0.4936708860759494,0.4957805907172996,0.4947510548523206,0.03699371161095116
C57BL6J-638850.16,"CUL4, 5",164,Ebf3,0.5,0.5284552845528455,0.4973292682926829,1.4122091084651742
C57BL6J-638850.16,FL,65,Ebf3,0.49230769230769234,0.4564102564102564,0.4914051282051282,-1.087567393299865
C57BL6J-638850.16,PFL,176,Ebf3,0.5,0.5047348484848485,0.4976060606060606,0.3582028844091792
C57BL6J-638850.16,SIM,533,Ebf3,0.49906191369606,0.5159474671669794,0.4997373358348968,1.360011521332198
C57BL6J-638850.17,CENT2,215,Ebf3,0.49767441860465117,0.48294573643410854,0.49663565891472866,-0.7529042013919222
C57BL6J-638850.17,"CUL4, 5",164,Ebf3,0.5,0.4654471544715447,0.4973760162601626,-1.4318897520402247
C57BL6J-638850.17,FL,121,Ebf3,0.49586776859504134,0.4765840220385675,0.496961432506887,-0.8215953427119639
C57BL6J-638850.17,SIM,334,Ebf3,0.5,0.531437125748503,0.4995439121756487,2.092277076119623
C57BL6J-638850.18,"CUL4, 5",73,Ebf3,0.4931506849315068,0.4908675799086758,0.4929497716894978,-0.06850518689321965
C57BL6J-638850.18,FL,52,Ebf3,0.5,0.46153846153846156,0.48916666666666664,-0.7789141079897943
C57BL6J-638850.18,SIM,155,Ebf3,0.4967741935483871,0.5161290322580645,0.4973870967741935,0.9226729364152961
