gen,rozmiar
Ebf2,40
Ebf2,27
Ebf2,19
Ebf2,49
Ebf2,19
Ebf2,7
Ebf2,5
Ebf2,5
Ebf2,9
Ebf2,6
Ebf2,3
Ebf2,11
Ebf2,1
Ebf2,2
Ebf2,2
Ebf2,11
Ebf2,9
Ebf2,7
Ebf2,6
Ebf2,2
Ebf2,7
Ebf2,4
Ebf2,18
Ebf2,2
Ebf2,1
Ebf2,2
Ebf2,1
Ebf2,2
Ebf2,1
Ebf2,1
Ebf2,2
Ebf2,12
Ebf2,4
Ebf2,2
Ebf2,4
Ebf2,2
Ebf2,3
Ebf2,26
Ebf2,1
Ebf2,2
Ebf2,1
Ebf2,1
Ebf2,2
Ebf2,1
Ebf2,7
Ebf2,4
Ebf2,1
Ebf2,1
Ebf2,33
Ebf2,10
Ebf2,6
Ebf2,36
Ebf2,8
Ebf2,21
Ebf2,10
Ebf2,10
Ebf2,2
Ebf2,21
Ebf2,2
Ebf2,6
Ebf2,4
Ebf2,7
Ebf2,2
Ebf2,1
Ebf2,18
Ebf2,10
Ebf2,2
Ebf2,2
Ebf2,1
Ebf2,1
Ebf2,6
Ebf2,8
Ebf2,1
Ebf2,1
Ebf2,1
Ebf2,1
Ebf2,3
Ebf2,113
Ebf2,19
Ebf2,16
Ebf2,22
Ebf2,3
Ebf2,2
Ebf2,42
Ebf2,28
Ebf2,5
Ebf2,4
Ebf2,3
Ebf2,20
Ebf2,7
Ebf2,7
Ebf2,8
Ebf2,1
Ebf2,12
Ebf2,3
Ebf2,15
Ebf2,1
Ebf2,10
Ebf2,1
Ebf2,2
Ebf2,2
Ebf2,3
Ebf2,1
Ebf2,2
Ebf2,1
Ebf2,5
Ebf2,2
Ebf2,2
Ebf2,1
Ebf2,2
Ebf2,1
Ebf2,17
Ebf2,5
Ebf2,6
Ebf2,2
Ebf2,2
Ebf2,5
Ebf2,4
Ebf2,1
Ebf2,1
Ebf2,5
Ebf2,1
Ebf2,1
Ebf2,15
Ebf2,2
Ebf2,2
Ebf2,5
Ebf2,1
Ebf2,1
Ebf2,1
Ebf2,1
Ebf2,22
Ebf2,35
Ebf2,14
Ebf2,1
Ebf2,22
Ebf2,1
Ebf2,4
Ebf2,4
Ebf2,5
Ebf2,5
Ebf2,6
Ebf2,1
Ebf2,1
Ebf2,1
Ebf2,1
Ebf2,2
Ebf2,2
Ebf2,1
Ebf2,1
Ebf2,7
Ebf2,10
Ebf2,2
Ebf2,2
Ebf2,1
Ebf2,5
Ebf2,1
Ebf2,83
Ebf2,68
Ebf2,19
Ebf2,1
Ebf2,2
Ebf2,11
Ebf2,2
Ebf2,7
Ebf2,7
Ebf2,4
Ebf2,1
Ebf2,12
Ebf2,11
Ebf2,3
Ebf2,3
Ebf2,3
Ebf2,8
Ebf2,2
Ebf2,1
Ebf2,8
Ebf2,35
Ebf2,13
Ebf2,1
Ebf2,2
Ebf2,7
Ebf2,2
Ebf2,5
Ebf2,9
Ebf2,10
Ebf2,1
Ebf2,4
Ebf2,4
Ebf2,10
Ebf2,2
Ebf2,5
Ebf2,1
Ebf2,1
Ebf2,9
Ebf2,4
Ebf2,1
Ebf2,1
Ebf2,4
Ebf2,15
Ebf2,4
Ebf2,1
Ebf2,1
Ebf2,1
Ebf2,9
Ebf2,2
Ebf2,2
Ebf2,1
Ebf2,2
Ebf2,29
Ebf2,21
Ebf2,10
Ebf2,5
Ebf2,4
Ebf2,8
Ebf2,3
Ebf2,10
Ebf2,5
Ebf2,1
Ebf2,1
Ebf2,4
Ebf2,4
Ebf2,1
Ebf2,1
Ebf2,1
Ebf2,16
Ebf2,2
Ebf2,11
Ebf2,21
Ebf2,5
Ebf2,16
Ebf2,12
Ebf2,14
Ebf2,7
Ebf2,5
Ebf2,1
Ebf2,6
Ebf2,2
Ebf2,28
Ebf2,3
Ebf2,23
Ebf2,1
Ebf2,1
Ebf2,33
Ebf2,16
Ebf2,2
Ebf2,2
Ebf2,14
Ebf2,2
Ebf2,4
Ebf2,3
Ebf2,3
Ebf2,1
Ebf2,3
Ebf2,2
Ebf2,1
Ebf2,43
Ebf2,25
Ebf2,45
Ebf2,18
Ebf2,3
Ebf2,6
Ebf2,2
Ebf2,4
Ebf2,1
Ebf2,2
Ebf2,3
Ebf2,4
Ebf2,3
Ebf2,7
Ebf2,1
Ebf2,1
Ebf2,1
Ebf2,36
Ebf2,2
Ebf2,1
Ebf2,6
Ebf2,2
Ebf2,5
Ebf2,247
Ebf2,2
Ebf2,31
Ebf2,8
Ebf2,2
Ebf2,1
Ebf2,14
Ebf2,2
Ebf2,12
Ebf2,28
Ebf2,22
Ebf2,3
Ebf2,3
Ebf2,5
Ebf2,1
Ebf2,2
Ebf2,40
Ebf2,17
Ebf2,2
Ebf2,1
Ebf2,19
Ebf2,25
Ebf2,3
Ebf2,1
Ebf2,1
Ebf2,4
Ebf2,3
Ebf2,3
Ebf2,2
Ebf2,7
Ebf2,10
Ebf2,5
Ebf2,2
Ebf2,1
Ebf2,1
Ebf2,2
Ebf2,1
Ebf2,1
Ebf2,20
Ebf2,10
Ebf2,1
Ebf2,23
Ebf2,3
Ebf2,2
Ebf2,14
Ebf2,1
Ebf2,2
Ebf2,1
Ebf2,12
Ebf2,2
Ebf2,1
Ebf2,5
Ebf2,3
Ebf2,2
Ebf2,1
Ebf2,5
Ebf2,1
Ebf2,1
Ebf2,1
Ebf2,13
Ebf2,3
Ebf2,9
Ebf2,3
Ebf2,1
Ebf2,2
Ebf2,3
Ebf2,2
Ebf2,1
Ebf2,39
Ebf2,13
Ebf2,1
Ebf2,3
Ebf2,7
Ebf2,1
Ebf2,8
Ebf2,26
Ebf2,12
Ebf2,10
Ebf2,26
Ebf2,12
Ebf2,2
Ebf2,6
Ebf2,2
Ebf2,2
Ebf2,1
Ebf2,2
Ebf2,1
Ebf2,9
Ebf2,11
Ebf2,2
Ebf2,4
Ebf2,5
Ebf2,4
Ebf2,1
Ebf2,2
Ebf2,5
Ebf2,3
Ebf2,21
Ebf2,116
Ebf2,50
Ebf2,36
Ebf2,4
Ebf2,14
Ebf2,9
Ebf2,1
Ebf2,4
Ebf2,1
Ebf2,1
Ebf2,2
Ebf2,23
Ebf2,23
Ebf2,19
Ebf2,6
Ebf2,10
Ebf2,2
Ebf2,2
Ebf2,8
Ebf2,5
Ebf2,2
Ebf2,1
Ebf2,1
Ebf2,40
Ebf2,4
Ebf2,21
Ebf2,2
Ebf2,2
Ebf2,3
Ebf2,1
Ebf2,3
Ebf2,72
Ebf2,9
Ebf2,6
Ebf2,6
Ebf2,52
Ebf2,4
Ebf2,7
Ebf2,1
Ebf2,6
Ebf2,3
Ebf2,1
Ebf2,2
Ebf2,1
Ebf2,2
Ebf2,1
Ebf2,1
Ebf2,2
Ebf2,1
Ebf2,1
Ebf2,1
Ebf2,2
Ebf2,15
Ebf2,5
Ebf2,7
Ebf2,11
Ebf2,3
Ebf2,3
Ebf2,2
Ebf2,8
Ebf2,2
Ebf2,4
Ebf2,2
Ebf2,1
Ebf2,1
Ebf2,11
Ebf2,27
Ebf2,9
Ebf2,2
Ebf2,1
Ebf2,1
Ebf2,10
Ebf2,1
Ebf2,1
Ebf2,2
Ebf2,1
Ebf2,4
Ebf2,1
Ebf2,1
Ebf2,1
Ebf2,2
Ebf2,1
Ebf2,2
Ebf2,1
Ebf2,1
Ebf2,6
Ebf2,1
Ebf2,1
Ebf2,8
Ebf2,8
Ebf2,1
Ebf2,1
Ebf2,92
Ebf2,11
Ebf2,7
Ebf2,30
Ebf2,5
Ebf2,5
Ebf2,5
Ebf2,12
Ebf2,20
Ebf2,12
Ebf2,37
Ebf2,15
Ebf2,57
Ebf2,15
Ebf2,1
Ebf2,2
Ebf2,1
Ebf2,5
Ebf2,1
Ebf2,1
Ebf2,1
Ebf2,3
Ebf2,1
Ebf2,2
Ebf2,1
Ebf2,1
Ebf2,1
Ebf2,1
Ebf2,1
Ebf2,1
Ebf2,2
Ebf2,5
Ebf2,38
Ebf2,14
Ebf2,21
Ebf2,8
Ebf2,1
Ebf2,5
Ebf2,26
Ebf2,7
Ebf2,2
Ebf2,25
Ebf2,7
Ebf2,16
Ebf2,3
Ebf2,1
Ebf2,8
Ebf2,2
Ebf2,5
Ebf2,6
Ebf2,1
Ebf2,3
Ebf2,12
Ebf2,5
Ebf2,3
Ebf2,3
Ebf2,3
Ebf2,6
Ebf2,7
Ebf2,4
Ebf2,1
Ebf2,1
Ebf2,1
Ebf2,1
Ebf2,1
Ebf2,2
Ebf2,4
Ebf2,1
Ebf2,1
Ebf2,18
Ebf2,12
Ebf2,13
Ebf2,10
Ebf2,13
Ebf2,4
Ebf2,1
Ebf2,4
Ebf2,16
Ebf2,11
Ebf2,82
Ebf2,24
Ebf2,14
Ebf2,2
Ebf2,9
Ebf2,8
Ebf2,1
Ebf2,1
Ebf2,8
Ebf2,8
Ebf2,1
Ebf2,12
Ebf2,6
Ebf2,3
Ebf2,1
Ebf2,3
Ebf2,119
Ebf2,31
Ebf2,7
Ebf2,14
Ebf2,5
Ebf2,5
Ebf2,2
Ebf2,4
Ebf2,7
Ebf2,3
Ebf2,5
Ebf2,8
Ebf2,5
Ebf2,1
Ebf2,1
Ebf2,2
Ebf2,1
Ebf2,4
Ebf2,18
Ebf2,2
Ebf2,13
Ebf2,5
Ebf2,20
Ebf2,1
Ebf2,6
Ebf2,1
Ebf2,4
Ebf2,2
Ebf2,2
Ebf2,3
Ebf2,1
Ebf2,3
Ebf2,2
Ebf2,1
Ebf2,2
Ebf2,1
Ebf2,1
Ebf2,1
Ebf2,1
Ebf2,1
Ebf2,7
Ebf2,1
Ebf2,25
Ebf2,15
Ebf2,47
Ebf2,11
Ebf2,26
Ebf2,2
Ebf2,23
Ebf2,2
Ebf2,10
Ebf2,7
Ebf2,8
Ebf2,10
Ebf2,1
Ebf2,4
Ebf2,5
Ebf2,3
Ebf2,2
Ebf2,1
Ebf2,1
Ebf2,2
Ebf2,1
Ebf2,2
Ebf2,3
Ebf2,3
Ebf2,16
Ebf2,3
Ebf2,1
Ebf2,17
Ebf2,3
Ebf2,6
Ebf2,1
Ebf2,2
Ebf2,9
Ebf2,2
Ebf2,11
Ebf2,2
Ebf2,1
Ebf2,1
Ebf2,2
Ebf2,65
Ebf2,1
Ebf2,55
Ebf2,4
Ebf2,6
Ebf2,3
Ebf2,53
Ebf2,67
Ebf2,68
Ebf2,5
Ebf2,19
Ebf2,8
Ebf2,1
Ebf2,1
Ebf2,1
Ebf2,5
Ebf2,11
Ebf2,6
Ebf2,5
Ebf2,13
Ebf2,25
Ebf2,7
Ebf2,4
Ebf2,1
Ebf2,7
Ebf2,1
Ebf2,2
Ebf2,1
Ebf2,5
Ebf2,2
Ebf2,16
Ebf2,2
Ebf2,1
Ebf2,5
Ebf2,19
Ebf2,4
Ebf2,7
Ebf2,2
Ebf2,3
Ebf2,1
Ebf2,2
Ebf2,1
Ebf2,7
Ebf2,1
Ebf2,1
Ebf2,3
Ebf2,4
Ebf2,2
Ebf2,1
Ebf2,1
Ebf2,2
Ebf2,1
Ebf2,1
Ebf2,13
Ebf2,7
Ebf2,33
Ebf2,21
Ebf2,19
Ebf2,40
Ebf2,16
Ebf2,9
Ebf2,20
Ebf2,14
Ebf2,4
Ebf2,8
Ebf2,1
Ebf2,1
Ebf2,2
Ebf2,4
Ebf2,1
Ebf2,1
Ebf2,5
Ebf2,5
Ebf2,2
Ebf2,30
Ebf2,10
Ebf2,1
Ebf2,1
Ebf2,4
Ebf2,4
Ebf2,1
Ebf2,24
Ebf2,26
Ebf2,26
Ebf2,21
Ebf2,10
Ebf2,1
Ebf2,7
Ebf2,36
Ebf2,2
Ebf2,13
Ebf2,20
Ebf2,1
Ebf2,1
Ebf2,3
Ebf2,1
Ebf2,1
Ebf2,2
Ebf2,2
Ebf2,2
Ebf2,9
Ebf2,8
Ebf2,4
Ebf2,3
Ebf2,10
Ebf2,1
Ebf2,1
Ebf2,20
Ebf2,1
Ebf2,3
Ebf2,6
Ebf2,1
Ebf2,3
Ebf2,2
Ebf2,1
Ebf2,28
Ebf2,95
Ebf2,42
Ebf2,10
Ebf2,10
Ebf2,16
Ebf2,1
Ebf2,15
Ebf2,21
Ebf2,6
Ebf2,1
Ebf2,4
Ebf2,6
Ebf2,4
Ebf2,1
Ebf2,2
Ebf2,1
Ebf2,1
Ebf2,1
Ebf2,1
Ebf2,107
Ebf2,4
Ebf2,15
Ebf2,4
Ebf2,6
Ebf2,8
Ebf2,2
Ebf2,5
Ebf2,1
Ebf2,1
Ebf2,1
Ebf2,2
Ebf2,1
Ebf2,1
Ebf2,2
Ebf2,1
Ebf2,12
Ebf2,32
Ebf2,1
Ebf2,2
Ebf2,1
Ebf2,50
Ebf2,53
Ebf2,7
Ebf2,9
Ebf2,22
Ebf2,4
Ebf2,18
Ebf2,1
Ebf2,1
Ebf2,1
Ebf2,1
Ebf2,2
Ebf2,2
Ebf2,5
Ebf2,5
Ebf2,5
Ebf2,10
Ebf2,26
Ebf2,3
Ebf2,4
Ebf2,36
Ebf2,2
Ebf2,1
Ebf2,1
Ebf2,2
Ebf2,1
Ebf2,1
Ebf1,49
Ebf1,48
Ebf1,34
Ebf1,12
Ebf1,14
Ebf1,5
Ebf1,9
Ebf1,15
Ebf1,8
Ebf1,3
Ebf1,1
Ebf1,1
Ebf1,3
Ebf1,1
Ebf1,2
Ebf1,7
Ebf1,10
Ebf1,2
Ebf1,10
Ebf1,5
Ebf1,19
Ebf1,1
Ebf1,1
Ebf1,5
Ebf1,5
Ebf1,1
Ebf1,1
Ebf1,1
Ebf1,1
Ebf1,1
Ebf1,1
Ebf1,3
Ebf1,57
Ebf1,36
Ebf1,1
Ebf1,3
Ebf1,3
Ebf1,9
Ebf1,11
Ebf1,1
Ebf1,4
Ebf1,8
Ebf1,1
Ebf1,1
Ebf1,7
Ebf1,2
Ebf1,1
Ebf1,2
Ebf1,11
Ebf1,31
Ebf1,57
Ebf1,7
Ebf1,15
Ebf1,8
Ebf1,21
Ebf1,2
Ebf1,7
Ebf1,5
Ebf1,5
Ebf1,2
Ebf1,1
Ebf1,2
Ebf1,1
Ebf1,1
Ebf1,2
Ebf1,19
Ebf1,16
Ebf1,3
Ebf1,4
Ebf1,1
Ebf1,4
Ebf1,4
Ebf1,1
Ebf1,2
Ebf1,1
Ebf1,1
Ebf1,127
Ebf1,12
Ebf1,1
Ebf1,17
Ebf1,1
Ebf1,9
Ebf1,3
Ebf1,4
Ebf1,1
Ebf1,45
Ebf1,2
Ebf1,28
Ebf1,10
Ebf1,11
Ebf1,3
Ebf1,17
Ebf1,4
Ebf1,2
Ebf1,13
Ebf1,3
Ebf1,7
Ebf1,4
Ebf1,9
Ebf1,4
Ebf1,3
Ebf1,10
Ebf1,1
Ebf1,1
Ebf1,4
Ebf1,2
Ebf1,1
Ebf1,1
Ebf1,1
Ebf1,2
Ebf1,1
Ebf1,1
Ebf1,1
Ebf1,8
Ebf1,16
Ebf1,3
Ebf1,12
Ebf1,3
Ebf1,1
Ebf1,4
Ebf1,1
Ebf1,2
Ebf1,17
Ebf1,7
Ebf1,2
Ebf1,2
Ebf1,1
Ebf1,22
Ebf1,8
Ebf1,41
Ebf1,9
Ebf1,4
Ebf1,1
Ebf1,3
Ebf1,2
Ebf1,1
Ebf1,9
Ebf1,4
Ebf1,1
Ebf1,5
Ebf1,5
Ebf1,2
Ebf1,3
Ebf1,1
Ebf1,3
Ebf1,1
Ebf1,2
Ebf1,1
Ebf1,7
Ebf1,4
Ebf1,2
Ebf1,6
Ebf1,1
Ebf1,1
Ebf1,1
Ebf1,1
Ebf1,4
Ebf1,2
Ebf1,93
Ebf1,69
Ebf1,4
Ebf1,5
Ebf1,5
Ebf1,6
Ebf1,2
Ebf1,2
Ebf1,8
Ebf1,6
Ebf1,3
Ebf1,1
Ebf1,17
Ebf1,10
Ebf1,1
Ebf1,10
Ebf1,1
Ebf1,3
Ebf1,1
Ebf1,1
Ebf1,5
Ebf1,27
Ebf1,14
Ebf1,18
Ebf1,7
Ebf1,12
Ebf1,17
Ebf1,5
Ebf1,1
Ebf1,8
Ebf1,1
Ebf1,1
Ebf1,6
Ebf1,3
Ebf1,1
Ebf1,1
Ebf1,2
Ebf1,1
Ebf1,3
Ebf1,2
Ebf1,15
Ebf1,21
Ebf1,1
Ebf1,1
Ebf1,3
Ebf1,1
Ebf1,2
Ebf1,2
Ebf1,1
Ebf1,22
Ebf1,6
Ebf1,13
Ebf1,19
Ebf1,1
Ebf1,9
Ebf1,3
Ebf1,12
Ebf1,1
Ebf1,1
Ebf1,1
Ebf1,5
Ebf1,4
Ebf1,1
Ebf1,4
Ebf1,2
Ebf1,3
Ebf1,23
Ebf1,4
Ebf1,13
Ebf1,1
Ebf1,9
Ebf1,4
Ebf1,8
Ebf1,6
Ebf1,21
Ebf1,10
Ebf1,9
Ebf1,2
Ebf1,1
Ebf1,22
Ebf1,8
Ebf1,2
Ebf1,3
Ebf1,24
Ebf1,8
Ebf1,1
Ebf1,36
Ebf1,43
Ebf1,20
Ebf1,2
Ebf1,2
Ebf1,5
Ebf1,1
Ebf1,5
Ebf1,1
Ebf1,1
Ebf1,2
Ebf1,3
Ebf1,18
Ebf1,21
Ebf1,20
Ebf1,46
Ebf1,15
Ebf1,8
Ebf1,6
Ebf1,4
Ebf1,5
Ebf1,3
Ebf1,3
Ebf1,9
Ebf1,4
Ebf1,3
Ebf1,2
Ebf1,1
Ebf1,1
Ebf1,44
Ebf1,1
Ebf1,2
Ebf1,7
Ebf1,1
Ebf1,244
Ebf1,4
Ebf1,1
Ebf1,16
Ebf1,8
Ebf1,20
Ebf1,1
Ebf1,44
Ebf1,6
Ebf1,7
Ebf1,19
Ebf1,6
Ebf1,4
Ebf1,3
Ebf1,43
Ebf1,35
Ebf1,1
Ebf1,14
Ebf1,1
Ebf1,12
Ebf1,2
Ebf1,1
Ebf1,1
Ebf1,2
Ebf1,1
Ebf1,1
Ebf1,13
Ebf1,2
Ebf1,19
Ebf1,5
Ebf1,8
Ebf1,5
Ebf1,2
Ebf1,1
Ebf1,23
Ebf1,27
Ebf1,5
Ebf1,1
Ebf1,1
Ebf1,8
Ebf1,9
Ebf1,3
Ebf1,12
Ebf1,7
Ebf1,17
Ebf1,1
Ebf1,9
Ebf1,1
Ebf1,3
Ebf1,16
Ebf1,6
Ebf1,2
Ebf1,7
Ebf1,5
Ebf1,1
Ebf1,1
Ebf1,1
Ebf1,32
Ebf1,14
Ebf1,5
Ebf1,1
Ebf1,6
Ebf1,5
Ebf1,2
Ebf1,32
Ebf1,11
Ebf1,3
Ebf1,21
Ebf1,17
Ebf1,15
Ebf1,3
Ebf1,1
Ebf1,1
Ebf1,1
Ebf1,1
Ebf1,4
Ebf1,9
Ebf1,5
Ebf1,1
Ebf1,3
Ebf1,10
Ebf1,3
Ebf1,6
Ebf1,4
Ebf1,18
Ebf1,2
Ebf1,2
Ebf1,1
Ebf1,72
Ebf1,110
Ebf1,58
Ebf1,14
Ebf1,1
Ebf1,1
Ebf1,2
Ebf1,1
Ebf1,25
Ebf1,17
Ebf1,18
Ebf1,33
Ebf1,2
Ebf1,4
Ebf1,1
Ebf1,1
Ebf1,1
Ebf1,34
Ebf1,4
Ebf1,25
Ebf1,15
Ebf1,1
Ebf1,1
Ebf1,2
Ebf1,1
Ebf1,2
Ebf1,72
Ebf1,17
Ebf1,57
Ebf1,6
Ebf1,6
Ebf1,5
Ebf1,4
Ebf1,1
Ebf1,1
Ebf1,1
Ebf1,16
Ebf1,1
Ebf1,3
Ebf1,1
Ebf1,8
Ebf1,1
Ebf1,2
Ebf1,1
Ebf1,1
Ebf1,1
Ebf1,22
Ebf1,4
Ebf1,5
Ebf1,7
Ebf1,2
Ebf1,1
Ebf1,2
Ebf1,14
Ebf1,3
Ebf1,3
Ebf1,1
Ebf1,15
Ebf1,1
Ebf1,8
Ebf1,39
Ebf1,19
Ebf1,10
Ebf1,12
Ebf1,1
Ebf1,1
Ebf1,1
Ebf1,7
Ebf1,3
Ebf1,1
Ebf1,1
Ebf1,2
Ebf1,15
Ebf1,3
Ebf1,3
Ebf1,5
Ebf1,95
Ebf1,11
Ebf1,8
Ebf1,31
Ebf1,4
Ebf1,5
Ebf1,1
Ebf1,41
Ebf1,10
Ebf1,23
Ebf1,41
Ebf1,37
Ebf1,4
Ebf1,10
Ebf1,3
Ebf1,3
Ebf1,13
Ebf1,17
Ebf1,23
Ebf1,10
Ebf1,8
Ebf1,1
Ebf1,2
Ebf1,1
Ebf1,32
Ebf1,50
Ebf1,11
Ebf1,9
Ebf1,5
Ebf1,10
Ebf1,4
Ebf1,1
Ebf1,1
Ebf1,3
Ebf1,1
Ebf1,25
Ebf1,27
Ebf1,39
Ebf1,23
Ebf1,45
Ebf1,5
Ebf1,32
Ebf1,6
Ebf1,1
Ebf1,2
Ebf1,2
Ebf1,6
Ebf1,3
Ebf1,3
Ebf1,13
Ebf1,2
Ebf1,3
Ebf1,1
Ebf1,2
Ebf1,19
Ebf1,14
Ebf1,9
Ebf1,12
Ebf1,4
Ebf1,6
Ebf1,2
Ebf1,4
Ebf1,4
Ebf1,1
Ebf1,12
Ebf1,18
Ebf1,37
Ebf1,27
Ebf1,6
Ebf1,2
Ebf1,7
Ebf1,8
Ebf1,6
Ebf1,1
Ebf1,17
Ebf1,25
Ebf1,6
Ebf1,10
Ebf1,6
Ebf1,9
Ebf1,2
Ebf1,1
Ebf1,1
Ebf1,2
Ebf1,1
Ebf1,4
Ebf1,2
Ebf1,113
Ebf1,36
Ebf1,5
Ebf1,4
Ebf1,29
Ebf1,1
Ebf1,6
Ebf1,5
Ebf1,2
Ebf1,5
Ebf1,4
Ebf1,2
Ebf1,5
Ebf1,1
Ebf1,2
Ebf1,15
Ebf1,45
Ebf1,4
Ebf1,13
Ebf1,22
Ebf1,5
Ebf1,1
Ebf1,16
Ebf1,6
Ebf1,6
Ebf1,2
Ebf1,6
Ebf1,5
Ebf1,4
Ebf1,1
Ebf1,1
Ebf1,1
Ebf1,6
Ebf1,1
Ebf1,10
Ebf1,8
Ebf1,34
Ebf1,13
Ebf1,20
Ebf1,3
Ebf1,14
Ebf1,27
Ebf1,1
Ebf1,6
Ebf1,14
Ebf1,18
Ebf1,1
Ebf1,5
Ebf1,6
Ebf1,2
Ebf1,1
Ebf1,1
Ebf1,7
Ebf1,4
Ebf1,4
Ebf1,1
Ebf1,4
Ebf1,1
Ebf1,4
Ebf1,7
Ebf1,24
Ebf1,28
Ebf1,28
Ebf1,20
Ebf1,9
Ebf1,2
Ebf1,5
Ebf1,2
Ebf1,3
Ebf1,2
Ebf1,3
Ebf1,3
Ebf1,1
Ebf1,69
Ebf1,1
Ebf1,50
Ebf1,5
Ebf1,6
Ebf1,1
Ebf1,2
Ebf1,58
Ebf1,64
Ebf1,71
Ebf1,5
Ebf1,9
Ebf1,10
Ebf1,1
Ebf1,2
Ebf1,2
Ebf1,1
Ebf1,8
Ebf1,9
Ebf1,9
Ebf1,22
Ebf1,4
Ebf1,9
Ebf1,7
Ebf1,6
Ebf1,9
Ebf1,3
Ebf1,1
Ebf1,23
Ebf1,1
Ebf1,1
Ebf1,26
Ebf1,18
Ebf1,10
Ebf1,7
Ebf1,3
Ebf1,21
Ebf1,14
Ebf1,9
Ebf1,3
Ebf1,2
Ebf1,4
Ebf1,1
Ebf1,2
Ebf1,5
Ebf1,1
Ebf1,9
Ebf1,13
Ebf1,2
Ebf1,16
Ebf1,33
Ebf1,26
Ebf1,7
Ebf1,43
Ebf1,5
Ebf1,13
Ebf1,27
Ebf1,3
Ebf1,6
Ebf1,3
Ebf1,3
Ebf1,1
Ebf1,3
Ebf1,1
Ebf1,7
Ebf1,2
Ebf1,3
Ebf1,71
Ebf1,12
Ebf1,5
Ebf1,7
Ebf1,53
Ebf1,13
Ebf1,10
Ebf1,21
Ebf1,10
Ebf1,3
Ebf1,5
Ebf1,24
Ebf1,10
Ebf1,14
Ebf1,27
Ebf1,3
Ebf1,1
Ebf1,1
Ebf1,1
Ebf1,1
Ebf1,8
Ebf1,2
Ebf1,10
Ebf1,7
Ebf1,4
Ebf1,1
Ebf1,10
Ebf1,5
Ebf1,2
Ebf1,39
Ebf1,13
Ebf1,9
Ebf1,7
Ebf1,2
Ebf1,1
Ebf1,33
Ebf1,10
Ebf1,8
Ebf1,9
Ebf1,34
Ebf1,2
Ebf1,8
Ebf1,8
Ebf1,60
Ebf1,7
Ebf1,3
Ebf1,5
Ebf1,18
Ebf1,2
Ebf1,11
Ebf1,6
Ebf1,2
Ebf1,4
Ebf1,5
Ebf1,2
Ebf1,2
Ebf1,5
Ebf1,4
Ebf1,3
Ebf1,2
Ebf1,11
Ebf1,1
Ebf1,1
Ebf1,107
Ebf1,9
Ebf1,8
Ebf1,2
Ebf1,7
Ebf1,11
Ebf1,9
Ebf1,14
Ebf1,8
Ebf1,10
Ebf1,1
Ebf1,1
Ebf1,1
Ebf1,1
Ebf1,42
Ebf1,9
Ebf1,6
Ebf1,2
Ebf1,1
Ebf1,8
Ebf1,14
Ebf1,30
Ebf1,53
Ebf1,8
Ebf1,4
Ebf1,5
Ebf1,3
Ebf1,3
Ebf1,7
Ebf1,3
Ebf1,1
Ebf1,5
Ebf1,1
Ebf1,2
Ebf1,4
Ebf1,1
Ebf1,2
Ebf1,2
Ebf1,6
Ebf1,1
Ebf1,2
Ebf1,1
Ebf1,1
Ebf1,4
Ebf1,16
Ebf1,14
Ebf1,2
Ebf1,25
Ebf1,1
Ebf1,46
Ebf1,4
Ebf1,3
Ebf1,5
Ebf1,4
Ebf1,1
Ebf1,2
Ebf1,3
Ebf1,1
Ebf1,1
Ebf1,2
Ebf1,1
Ebf1,2
Ebf1,1
Ebf1,1
Ebf3,42
Ebf3,13
Ebf3,22
Ebf3,43
Ebf3,12
Ebf3,20
Ebf3,6
Ebf3,11
Ebf3,16
Ebf3,10
Ebf3,2
Ebf3,5
Ebf3,1
Ebf3,2
Ebf3,12
Ebf3,8
Ebf3,14
Ebf3,2
Ebf3,8
Ebf3,6
Ebf3,15
Ebf3,1
Ebf3,1
Ebf3,1
Ebf3,1
Ebf3,1
Ebf3,2
Ebf3,1
Ebf3,1
Ebf3,63
Ebf3,35
Ebf3,2
Ebf3,9
Ebf3,1
Ebf3,9
Ebf3,2
Ebf3,4
Ebf3,11
Ebf3,5
Ebf3,5
Ebf3,1
Ebf3,27
Ebf3,49
Ebf3,25
Ebf3,8
Ebf3,4
Ebf3,19
Ebf3,7
Ebf3,8
Ebf3,1
Ebf3,10
Ebf3,3
Ebf3,9
Ebf3,4
Ebf3,1
Ebf3,1
Ebf3,4
Ebf3,15
Ebf3,8
Ebf3,11
Ebf3,1
Ebf3,2
Ebf3,3
Ebf3,4
Ebf3,1
Ebf3,1
Ebf3,1
Ebf3,5
Ebf3,1
Ebf3,1
Ebf3,111
Ebf3,32
Ebf3,11
Ebf3,3
Ebf3,3
Ebf3,1
Ebf3,7
Ebf3,5
Ebf3,2
Ebf3,26
Ebf3,25
Ebf3,5
Ebf3,18
Ebf3,14
Ebf3,3
Ebf3,4
Ebf3,12
Ebf3,6
Ebf3,20
Ebf3,2
Ebf3,3
Ebf3,10
Ebf3,9
Ebf3,5
Ebf3,5
Ebf3,1
Ebf3,1
Ebf3,3
Ebf3,1
Ebf3,2
Ebf3,10
Ebf3,1
Ebf3,2
Ebf3,1
Ebf3,1
Ebf3,1
Ebf3,4
Ebf3,6
Ebf3,1
Ebf3,12
Ebf3,15
Ebf3,2
Ebf3,1
Ebf3,2
Ebf3,2
Ebf3,1
Ebf3,1
Ebf3,3
Ebf3,17
Ebf3,7
Ebf3,2
Ebf3,1
Ebf3,1
Ebf3,1
Ebf3,15
Ebf3,15
Ebf3,36
Ebf3,13
Ebf3,5
Ebf3,6
Ebf3,2
Ebf3,2
Ebf3,4
Ebf3,3
Ebf3,7
Ebf3,1
Ebf3,2
Ebf3,12
Ebf3,2
Ebf3,1
Ebf3,1
Ebf3,1
Ebf3,2
Ebf3,2
Ebf3,1
Ebf3,2
Ebf3,9
Ebf3,2
Ebf3,1
Ebf3,4
Ebf3,4
Ebf3,1
Ebf3,1
Ebf3,84
Ebf3,69
Ebf3,18
Ebf3,4
Ebf3,10
Ebf3,1
Ebf3,7
Ebf3,6
Ebf3,3
Ebf3,1
Ebf3,3
Ebf3,23
Ebf3,8
Ebf3,8
Ebf3,1
Ebf3,1
Ebf3,1
Ebf3,30
Ebf3,3
Ebf3,19
Ebf3,7
Ebf3,8
Ebf3,18
Ebf3,5
Ebf3,2
Ebf3,1
Ebf3,4
Ebf3,9
Ebf3,2
Ebf3,2
Ebf3,3
Ebf3,3
Ebf3,1
Ebf3,2
Ebf3,1
Ebf3,9
Ebf3,2
Ebf3,1
Ebf3,1
Ebf3,2
Ebf3,14
Ebf3,3
Ebf3,18
Ebf3,1
Ebf3,1
Ebf3,3
Ebf3,1
Ebf3,3
Ebf3,1
Ebf3,2
Ebf3,2
Ebf3,23
Ebf3,24
Ebf3,5
Ebf3,3
Ebf3,9
Ebf3,2
Ebf3,18
Ebf3,1
Ebf3,2
Ebf3,4
Ebf3,2
Ebf3,1
Ebf3,4
Ebf3,3
Ebf3,2
Ebf3,1
Ebf3,1
Ebf3,19
Ebf3,23
Ebf3,18
Ebf3,12
Ebf3,7
Ebf3,6
Ebf3,3
Ebf3,7
Ebf3,4
Ebf3,2
Ebf3,5
Ebf3,2
Ebf3,2
Ebf3,1
Ebf3,1
Ebf3,6
Ebf3,4
Ebf3,6
Ebf3,23
Ebf3,26
Ebf3,1
Ebf3,1
Ebf3,15
Ebf3,10
Ebf3,40
Ebf3,40
Ebf3,2
Ebf3,3
Ebf3,2
Ebf3,3
Ebf3,5
Ebf3,1
Ebf3,40
Ebf3,33
Ebf3,27
Ebf3,7
Ebf3,15
Ebf3,16
Ebf3,3
Ebf3,6
Ebf3,5
Ebf3,2
Ebf3,4
Ebf3,2
Ebf3,7
Ebf3,1
Ebf3,1
Ebf3,46
Ebf3,8
Ebf3,1
Ebf3,245
Ebf3,2
Ebf3,2
Ebf3,13
Ebf3,7
Ebf3,33
Ebf3,22
Ebf3,1
Ebf3,13
Ebf3,29
Ebf3,8
Ebf3,4
Ebf3,4
Ebf3,38
Ebf3,30
Ebf3,18
Ebf3,21
Ebf3,2
Ebf3,3
Ebf3,1
Ebf3,1
Ebf3,15
Ebf3,26
Ebf3,5
Ebf3,1
Ebf3,1
Ebf3,2
Ebf3,4
Ebf3,1
Ebf3,22
Ebf3,19
Ebf3,3
Ebf3,25
Ebf3,5
Ebf3,3
Ebf3,19
Ebf3,2
Ebf3,7
Ebf3,1
Ebf3,7
Ebf3,7
Ebf3,1
Ebf3,2
Ebf3,3
Ebf3,1
Ebf3,6
Ebf3,1
Ebf3,11
Ebf3,2
Ebf3,1
Ebf3,2
Ebf3,7
Ebf3,7
Ebf3,1
Ebf3,1
Ebf3,19
Ebf3,18
Ebf3,11
Ebf3,9
Ebf3,3
Ebf3,1
Ebf3,1
Ebf3,1
Ebf3,2
Ebf3,30
Ebf3,2
Ebf3,10
Ebf3,3
Ebf3,1
Ebf3,29
Ebf3,13
Ebf3,19
Ebf3,1
Ebf3,1
Ebf3,1
Ebf3,11
Ebf3,8
Ebf3,1
Ebf3,3
Ebf3,1
Ebf3,9
Ebf3,4
Ebf3,15
Ebf3,2
Ebf3,6
Ebf3,2
Ebf3,2
Ebf3,128
Ebf3,75
Ebf3,36
Ebf3,11
Ebf3,3
Ebf3,1
Ebf3,3
Ebf3,1
Ebf3,1
Ebf3,23
Ebf3,28
Ebf3,6
Ebf3,25
Ebf3,15
Ebf3,4
Ebf3,1
Ebf3,22
Ebf3,8
Ebf3,14
Ebf3,4
Ebf3,23
Ebf3,5
Ebf3,1
Ebf3,1
Ebf3,3
Ebf3,1
Ebf3,2
Ebf3,1
Ebf3,71
Ebf3,1
Ebf3,30
Ebf3,6
Ebf3,13
Ebf3,11
Ebf3,3
Ebf3,1
Ebf3,26
Ebf3,6
Ebf3,1
Ebf3,1
Ebf3,13
Ebf3,16
Ebf3,1
Ebf3,2
Ebf3,1
Ebf3,1
Ebf3,1
Ebf3,22
Ebf3,6
Ebf3,3
Ebf3,5
Ebf3,9
Ebf3,2
Ebf3,2
Ebf3,8
Ebf3,3
Ebf3,3
Ebf3,1
Ebf3,2
Ebf3,5
Ebf3,5
Ebf3,54
Ebf3,9
Ebf3,15
Ebf3,11
Ebf3,8
Ebf3,2
Ebf3,2
Ebf3,1
Ebf3,3
Ebf3,1
Ebf3,1
Ebf3,1
Ebf3,1
Ebf3,16
Ebf3,2
Ebf3,2
Ebf3,5
Ebf3,1
Ebf3,98
Ebf3,7
Ebf3,12
Ebf3,18
Ebf3,9
Ebf3,3
Ebf3,2
Ebf3,4
Ebf3,2
Ebf3,57
Ebf3,13
Ebf3,21
Ebf3,34
Ebf3,9
Ebf3,36
Ebf3,2
Ebf3,12
Ebf3,21
Ebf3,21
Ebf3,9
Ebf3,3
Ebf3,1
Ebf3,6
Ebf3,1
Ebf3,1
Ebf3,48
Ebf3,9
Ebf3,8
Ebf3,20
Ebf3,13
Ebf3,1
Ebf3,13
Ebf3,9
Ebf3,1
Ebf3,3
Ebf3,2
Ebf3,37
Ebf3,20
Ebf3,6
Ebf3,28
Ebf3,50
Ebf3,6
Ebf3,13
Ebf3,4
Ebf3,1
Ebf3,5
Ebf3,34
Ebf3,8
Ebf3,3
Ebf3,4
Ebf3,11
Ebf3,4
Ebf3,3
Ebf3,1
Ebf3,2
Ebf3,20
Ebf3,10
Ebf3,12
Ebf3,3
Ebf3,15
Ebf3,7
Ebf3,4
Ebf3,3
Ebf3,1
Ebf3,15
Ebf3,11
Ebf3,81
Ebf3,21
Ebf3,9
Ebf3,21
Ebf3,5
Ebf3,2
Ebf3,8
Ebf3,4
Ebf3,4
Ebf3,1
Ebf3,7
Ebf3,7
Ebf3,7
Ebf3,1
Ebf3,1
Ebf3,1
Ebf3,1
Ebf3,3
Ebf3,104
Ebf3,38
Ebf3,7
Ebf3,25
Ebf3,6
Ebf3,15
Ebf3,5
Ebf3,4
Ebf3,6
Ebf3,5
Ebf3,3
Ebf3,1
Ebf3,1
Ebf3,1
Ebf3,6
Ebf3,70
Ebf3,3
Ebf3,13
Ebf3,1
Ebf3,11
Ebf3,1
Ebf3,5
Ebf3,3
Ebf3,1
Ebf3,1
Ebf3,2
Ebf3,1
Ebf3,7
Ebf3,3
Ebf3,13
Ebf3,2
Ebf3,2
Ebf3,1
Ebf3,2
Ebf3,2
Ebf3,1
Ebf3,1
Ebf3,9
Ebf3,1
Ebf3,10
Ebf3,4
Ebf3,10
Ebf3,17
Ebf3,3
Ebf3,42
Ebf3,11
Ebf3,31
Ebf3,14
Ebf3,1
Ebf3,11
Ebf3,15
Ebf3,10
Ebf3,2
Ebf3,5
Ebf3,1
Ebf3,7
Ebf3,2
Ebf3,3
Ebf3,1
Ebf3,1
Ebf3,2
Ebf3,3
Ebf3,1
Ebf3,5
Ebf3,27
Ebf3,17
Ebf3,32
Ebf3,32
Ebf3,10
Ebf3,7
Ebf3,4
Ebf3,2
Ebf3,72
Ebf3,1
Ebf3,49
Ebf3,7
Ebf3,2
Ebf3,3
Ebf3,55
Ebf3,71
Ebf3,67
Ebf3,5
Ebf3,9
Ebf3,14
Ebf3,2
Ebf3,7
Ebf3,4
Ebf3,9
Ebf3,20
Ebf3,2
Ebf3,10
Ebf3,12
Ebf3,7
Ebf3,3
Ebf3,1
Ebf3,1
Ebf3,6
Ebf3,4
Ebf3,1
Ebf3,19
Ebf3,1
Ebf3,2
Ebf3,1
Ebf3,2
Ebf3,23
Ebf3,22
Ebf3,7
Ebf3,8
Ebf3,1
Ebf3,7
Ebf3,3
Ebf3,2
Ebf3,22
Ebf3,4
Ebf3,3
Ebf3,5
Ebf3,10
Ebf3,4
Ebf3,1
Ebf3,2
Ebf3,2
Ebf3,11
Ebf3,21
Ebf3,46
Ebf3,39
Ebf3,11
Ebf3,17
Ebf3,18
Ebf3,6
Ebf3,7
Ebf3,5
Ebf3,7
Ebf3,4
Ebf3,3
Ebf3,3
Ebf3,3
Ebf3,2
Ebf3,1
Ebf3,3
Ebf3,8
Ebf3,7
Ebf3,1
Ebf3,2
Ebf3,1
Ebf3,3
Ebf3,80
Ebf3,5
Ebf3,7
Ebf3,46
Ebf3,14
Ebf3,16
Ebf3,16
Ebf3,17
Ebf3,2
Ebf3,4
Ebf3,11
Ebf3,22
Ebf3,12
Ebf3,13
Ebf3,17
Ebf3,3
Ebf3,1
Ebf3,2
Ebf3,1
Ebf3,7
Ebf3,2
Ebf3,9
Ebf3,7
Ebf3,6
Ebf3,1
Ebf3,20
Ebf3,13
Ebf3,10
Ebf3,3
Ebf3,30
Ebf3,6
Ebf3,1
Ebf3,3
Ebf3,1
Ebf3,1
Ebf3,36
Ebf3,9
Ebf3,6
Ebf3,40
Ebf3,31
Ebf3,54
Ebf3,15
Ebf3,6
Ebf3,3
Ebf3,5
Ebf3,11
Ebf3,2
Ebf3,6
Ebf3,1
Ebf3,3
Ebf3,1
Ebf3,4
Ebf3,7
Ebf3,3
Ebf3,7
Ebf3,5
Ebf3,3
Ebf3,4
Ebf3,2
Ebf3,1
Ebf3,1
Ebf3,107
Ebf3,5
Ebf3,2
Ebf3,14
Ebf3,17
Ebf3,13
Ebf3,8
Ebf3,2
Ebf3,6
Ebf3,7
Ebf3,5
Ebf3,2
Ebf3,1
Ebf3,37
Ebf3,14
Ebf3,5
Ebf3,2
Ebf3,2
Ebf3,21
Ebf3,23
Ebf3,35
Ebf3,8
Ebf3,46
Ebf3,5
Ebf3,7
Ebf3,1
Ebf3,6
Ebf3,3
Ebf3,2
Ebf3,3
Ebf3,1
Ebf3,1
Ebf3,3
Ebf3,1
Ebf3,1
Ebf3,3
Ebf3,14
Ebf3,16
Ebf3,3
Ebf3,26
Ebf3,31
Ebf3,7
Ebf3,4
Ebf3,10
Ebf3,5
Ebf3,1
Ebf3,3
Ebf3,3
Ebf3,4
Ebf3,1
Ebf3,4
Ebf3,2
Ebf3,2
