subclass,n,Ebf1_mean,Ebf1_pct,Ebf2_mean,Ebf2_pct,Ebf3_mean,Ebf3_pct,Calb1_mean,Calb1_pct,Calb2_mean,Calb2_pct,Ppp1r17_mean,Ppp1r17_pct,Sorcs3_mean,Sorcs3_pct,Nxph1_mean,Nxph1_pct,Aqp4_mean,Aqp4_pct,Grm1_mean,Grm1_pct,Eomes_mean,Eomes_pct
314 CB Granule Glut,160552,0.4900489,31.724301160994568,0.07719394,5.961308485724252,0.09289483,6.9391848123972295,1.1056433,47.877946086003284,3.51496,93.84872190941252,0.6763291,34.96935572275649,0.09791192,7.803079376152275,0.07542274,5.40323384324082,2.5105321,85.53116747222084,1.5206608,73.89506203597588,0.45124564,29.767302805321638
311 CBX MLI Megf11 Gaba,67446,0.36287415,31.238323992527356,0.09637426,9.465350057824038,0.12007568,11.312753906829167,1.9831113,85.13625715387124,0.5091703,36.37576728049106,1.1903481,67.36648578121756,2.3157253,89.63022269667586,0.266741,19.758028645138335,1.1021781,62.10005041069893,2.5226727,95.93452539809626,0.05547627,5.138925955579278
316 Bergmann NN,26890,0.8191652,48.400892525102265,0.3219612,21.9895872071402,0.4117506,28.170323540349575,4.115603,95.1283004834511,1.1288396,55.329118631461505,2.9358723,88.68352547415395,0.30189404,22.235031610264038,0.22484867,14.871699516548903,4.567118,99.80290070658238,2.0239635,76.03570100409074,0.10157114,7.8430643361844545
327 Oligo NN,20208,0.15434834,13.326405384006335,0.04788478,4.6961599366587485,0.18154842,15.053444180522565,0.5844293,41.09263657957244,0.67567796,41.64192399049881,0.30139285,23.945961995249405,0.5764666,45.20486935866984,0.18411243,13.375890736342042,2.869675,95.3285827395091,0.28864312,22.852335708630246,0.03348922,2.929532858273951
333 Endo NN,19095,1.2793484,75.34433097669547,0.07437086,7.0699135899450125,0.13620701,12.191673212882954,1.1944877,63.40926944226237,0.48109412,32.385441214977746,0.7006639,46.048703849175176,0.15328124,14.401675831369468,0.1043058,9.337522911757004,1.4566935,64.12149777428647,0.43240842,33.20240900759361,0.022551475,1.9743388321550144
313 CBX Purkinje Gaba,16626,2.7326007,91.34488151088657,1.4657434,61.87297004691447,2.0856333,82.03416335859497,7.138886,99.98797064838205,1.3799983,65.22314447251293,5.8931346,99.98797064838205,0.72443634,44.051485624924815,0.3309126,20.919042463611213,3.11492,95.06195116083244,5.2800603,99.84361842896668,0.123117074,9.346806207145434
312 CBX MLI Cdh22 Gaba,15591,0.27632532,26.38701815149766,0.084593296,8.998781348213713,0.080807306,8.56263228785838,1.5315186,81.1044833557822,0.28527126,27.10538130972997,0.84398395,60.18215637226605,0.26399758,24.033096016932845,3.286753,98.98018087358092,0.7166786,52.3827849400295,2.6612785,97.29331024308895,0.022307416,2.392405875184401
318 Astro-NT NN,13298,0.20568009,17.431192660550458,0.061182417,6.121221236276131,0.24383453,20.243645661001654,0.5147465,39.351782222890655,0.590403,39.83305760264702,0.25399655,23.138817867348475,0.15265825,14.227703414047225,0.18103239,15.13009475109039,5.59694,99.98496014438261,0.25947276,22.266506241540082,0.029669488,2.692134155512107
330 VLMC NN,9285,0.91827536,55.05654281098546,0.3270961,25.805061927840605,0.15402597,12.633279483037157,0.8568381,54.862681744749594,0.34739256,25.83737210554658,0.396444,30.716208939149166,0.14451824,12.105546580506193,0.06435126,5.718901453957996,1.2204416,53.59181475498115,0.25119993,20.247711362412492,0.021894593,2.089391491653204
309 CB PLI Gly-Gaba,3559,0.5643019,36.52711435796572,0.26730278,19.022197246417534,0.5377345,29.109300365271146,3.0942516,83.81567856139365,1.5511624,66.56364147232368,2.1917872,74.76819331272829,0.24106981,19.331272829446476,3.8417046,99.49423995504355,2.6179292,91.48637257656645,2.6388042,93.6779994380444,0.076345995,5.788142736723799
331 Peri NN,3330,1.9272906,92.22222222222223,0.077650994,7.177177177177177,0.2918234,25.225225225225223,1.2492242,65.28528528528528,0.5052815,33.75375375375375,0.74894285,48.1981981981982,0.14154528,13.423423423423422,0.107894465,9.72972972972973,1.4739639,66.06606606606607,0.45273876,34.98498498498498,0.033009425,2.8228228228228227
325 CHOR NN,2911,0.38958773,26.966678117485397,0.1312899,10.889728615596015,0.18306962,14.668498797664034,0.5465684,38.40604603229131,0.21578726,16.660941257299896,0.15443541,12.779113706630024,0.0692943,6.3552043971143934,0.030839177,2.713844039848849,0.6639722,43.21538990037788,0.13804846,11.40501545860529,0.017711401,1.6489178976296803
317 Astro-CB NN,2724,0.28776383,19.08957415565345,0.07026594,5.139500734214391,0.10122463,7.415565345080763,1.0051275,42.36417033773862,1.7327983,67.2173274596182,0.65677065,32.67254038179148,0.12968966,9.581497797356828,0.10517032,7.195301027900147,6.2241564,100.0,0.6056347,34.32452276064611,0.13239843,9.72834067547724
332 SMC NN,2680,2.3036194,93.3955223880597,0.3263699,24.402985074626866,0.56161046,41.38059701492537,0.79187185,49.66417910447761,0.27933282,20.932835820895523,0.41833857,30.708955223880597,0.08533098,7.462686567164178,0.052716583,4.813432835820895,0.8231475,44.40298507462687,0.17466016,14.55223880597015,0.014459895,1.4552238805970148
181 IC Tfap2d Maf Glut,2308,0.2550033,21.53379549393414,0.40231287,29.636048526863085,1.6984336,74.6100519930676,1.2795519,77.16637781629116,2.302769,86.87175043327557,0.51226234,44.194107452339686,1.7852451,78.33622183708839,0.54865885,40.294627383015595,2.445889,96.2738301559792,1.0476929,61.915077989601386,0.037797514,4.202772963604852
326 OPC NN,2106,0.4402193,38.034188034188034,0.07249995,7.31244064577398,0.17804632,14.957264957264957,1.2580724,66.00189933523268,0.6781933,47.10351377018044,0.6335326,43.87464387464387,1.3067743,80.91168091168092,2.4469986,97.05603038936373,1.621576,71.65242165242165,0.4950663,38.509021842355175,0.028892606,2.7540360873694207
329 ABC NN,1885,0.43926784,31.19363395225464,0.11459396,9.60212201591512,0.06743862,6.10079575596817,0.8222786,51.724137931034484,0.38300762,27.798408488063657,0.36560848,28.381962864721483,0.15626033,12.73209549071618,0.051894344,4.509283819628647,0.7180344,43.87267904509284,0.22955115,18.19628647214854,0.014573333,1.5384615384615385
323 Ependymal NN,1472,0.16072617,11.956521739130435,0.15044293,10.733695652173914,0.075248115,6.046195652173913,1.1249033,58.152173913043484,0.4040144,25.543478260869566,0.22370769,17.1875,0.09479537,7.404891304347825,0.060125537,4.823369565217392,5.2499123,100.0,0.18852255,14.334239130434783,0.05096177,3.940217391304348
334 Microglia NN,1424,0.22597182,20.71629213483146,0.038431354,3.721910112359551,0.67543405,54.21348314606742,0.9468218,58.28651685393258,0.40600765,30.407303370786515,0.51429904,39.747191011235955,0.15402292,15.519662921348315,0.12495733,11.235955056179774,1.6204635,69.52247191011236,0.34910625,30.407303370786515,0.018444734,1.6151685393258428
310 CBX Golgi Gly-Gaba,1290,0.4205241,24.88372093023256,0.17516127,11.937984496124031,0.5568277,27.751937984496124,1.8890274,60.3875968992248,2.3615317,79.68992248062015,1.2670709,49.06976744186046,1.167597,53.7984496124031,0.6923374,32.093023255813954,2.5389924,85.5813953488372,2.7598512,91.86046511627907,0.19011031,12.170542635658915
254 VCO Mafa Meis2 Glut,1113,2.8675458,96.04672057502246,0.910583,61.36567834681043,2.8122668,96.7654986522911,1.4999897,74.03414195867026,0.792607,56.334231805929925,0.49328804,39.892183288409704,1.0744925,47.61904761904761,0.6578886,49.32614555256065,3.0227804,98.47259658580413,2.655642,93.71069182389937,0.116121426,12.848158131176998
319 Astro-TE NN,1106,0.22458974,18.806509945750452,0.053126626,5.424954792043399,0.19134502,15.099457504520796,0.92020273,53.0741410488246,0.7480977,45.750452079566,0.47519374,34.177215189873415,0.17129526,16.455696202531644,0.20623514,14.10488245931284,3.9465315,99.45750452079565,0.38545915,30.10849909584087,0.042327456,3.1645569620253164
250 CBN Neurod2 Pvalb Glut,794,0.3605059,37.531486146095716,0.76460576,59.44584382871536,2.6198368,98.11083123425692,0.46726662,46.095717884130984,1.07028,54.78589420654912,0.36991793,40.17632241813602,0.46073663,33.50125944584383,1.5301136,76.44836272040301,1.8892223,95.71788413098237,2.722566,98.48866498740554,0.11429461,14.609571788413097
198 IC Six3 En2 Gaba,598,0.1705245,16.88963210702341,0.21669368,22.240802675585282,0.6632252,47.324414715719065,1.2927779,75.91973244147158,2.4845436,87.29096989966555,0.57822627,51.00334448160535,1.006784,64.21404682274247,3.7036843,98.66220735785953,2.5387874,96.8227424749164,0.904779,59.19732441471572,0.025880732,3.177257525083612
315 DCO UBC Glut,597,0.7336015,47.23618090452261,0.06858218,5.6951423785594635,0.17411862,12.73031825795645,0.67317194,36.68341708542713,3.3047614,81.57453936348409,0.33904734,22.110552763819097,0.77374196,44.0536013400335,0.20668341,14.07035175879397,2.4458232,87.43718592964824,2.3509362,87.43718592964824,2.5409596,93.2998324958124
308 DCO Il22 Gly-Gaba,568,0.35880265,29.929577464788732,0.1312711,13.204225352112676,0.36673304,27.640845070422536,1.3653318,63.38028169014085,0.907186,53.52112676056338,0.92263377,45.24647887323944,0.24025221,21.30281690140845,0.6212978,30.633802816901408,2.9949255,97.00704225352112,3.1924503,98.59154929577466,0.16174668,14.26056338028169
222 PB Evx2 Glut,490,0.8669071,46.326530612244895,0.706621,37.95918367346939,1.7835935,67.3469387755102,2.7186515,89.38775510204081,3.0443354,92.44897959183673,0.7052828,53.06122448979592,1.7215743,77.14285714285715,2.3099086,85.51020408163265,1.7360904,85.91836734693878,2.0050662,86.73469387755102,0.066593304,6.938775510204081
295 CBN Dmbx1 Gaba,465,0.5553433,44.086021505376344,0.06569,7.741935483870968,3.6886933,100.0,0.38745657,35.053763440860216,0.49854293,35.26881720430107,0.17983764,18.70967741935484,0.773844,56.774193548387096,1.216527,78.92473118279571,2.0504377,95.6989247311828,2.3298557,96.55913978494624,0.016814992,1.935483870967742
335 BAM NN,305,0.48273075,34.75409836065574,0.1074663,8.852459016393443,0.07234009,5.901639344262295,0.75929344,48.52459016393443,0.41164395,27.54098360655738,0.33718407,25.245901639344265,0.12450559,10.491803278688524,0.031288635,2.9508196721311477,1.648591,62.295081967213115,0.20050295,16.39344262295082,0.010353692,0.9836065573770493
217 PB Lmx1a Glut,288,0.48171392,34.72222222222222,1.0557741,47.91666666666667,1.7664747,73.95833333333334,3.1098192,93.05555555555556,4.166815,92.70833333333334,0.8881832,56.59722222222222,2.158421,89.23611111111111,1.0391246,57.291666666666664,1.933766,90.625,2.623105,96.18055555555556,0.053840246,5.555555555555555
304 NTS-PARN Neurod2 Gly-Gaba,168,0.19479631,16.666666666666664,0.1626469,13.690476190476192,0.28725332,16.071428571428573,1.3899515,74.40476190476191,0.5632742,39.285714285714285,0.7723848,55.952380952380956,1.3156703,64.28571428571429,2.3843014,86.90476190476191,2.1743832,80.95238095238095,0.5188733,33.33333333333333,0.12909426,11.30952380952381
235 PG-TRN-LRN Fat2 Glut,155,0.5772779,50.32258064516129,0.15172206,16.7741935483871,0.6347261,48.38709677419355,0.88903964,62.58064516129033,1.4672612,74.83870967741936,0.5335896,43.225806451612904,0.40918577,33.5483870967742,2.5841427,86.45161290322581,3.0159614,97.41935483870968,1.9017596,81.93548387096774,0.097771674,10.967741935483872
287 MV-SPIV-PRP Dmbx1 Gly-Gaba,133,0.78302896,55.639097744360896,0.3234181,30.075187969924812,3.730656,99.24812030075188,0.6567311,46.616541353383454,0.7470528,48.87218045112782,0.31137255,27.819548872180448,0.96400213,58.64661654135338,0.69934165,49.62406015037594,2.0258536,95.48872180451127,3.1165066,98.49624060150376,0.0621674,6.7669172932330826
245 SPVI-SPVC Tlx3 Ebf3 Glut,124,1.7702777,81.45161290322581,1.2477264,67.74193548387096,4.5695615,100.0,3.0261328,92.74193548387096,1.523541,73.38709677419355,0.44480565,39.516129032258064,1.5785332,76.61290322580645,0.6744637,42.74193548387097,2.0600035,91.12903225806451,1.6278031,88.70967741935483,0.068369806,8.064516129032258
321 Astroependymal NN,122,0.24284777,17.21311475409836,0.081876025,7.377049180327869,0.122557476,9.01639344262295,0.83675766,46.72131147540984,0.60671484,36.885245901639344,0.39959502,31.967213114754102,0.90933347,49.18032786885246,0.4725365,27.049180327868854,4.229838,96.72131147540983,0.22838102,16.39344262295082,0.0936442,6.557377049180328
293 PAS-MV Ebf2 Gly-Gaba,110,0.5143104,42.72727272727273,1.1668932,75.45454545454545,3.8674233,98.18181818181819,0.7523235,55.45454545454545,0.9293263,54.54545454545454,0.5590319,47.27272727272727,1.6165303,77.27272727272727,2.3747587,84.54545454545455,2.8679237,96.36363636363636,1.7122513,86.36363636363636,0.043198846,5.454545454545454
306 SPVI-SPVC Sall3 Lhx1 Gly-Gaba,92,2.7122874,94.56521739130434,0.21944895,23.91304347826087,1.3597772,77.17391304347827,2.9329128,90.21739130434783,1.0155464,61.95652173913043,0.6217769,53.2608695652174,0.755048,50.0,3.1645043,98.91304347826086,2.4567888,100.0,1.8134555,84.78260869565217,0.06134329,7.608695652173914
162 CUN Evx2 Lhx2 Glut,90,0.5803373,48.888888888888886,0.8188651,62.22222222222222,1.6584222,72.22222222222221,1.8448964,77.77777777777779,3.6942987,97.77777777777777,0.48075408,44.44444444444444,3.1225595,97.77777777777777,0.7370716,53.333333333333336,2.2380836,93.33333333333333,2.4647574,97.77777777777777,0.03198981,4.444444444444445
233 NLL-SOC Spp1 Glut,90,1.7036853,90.0,0.14841668,16.666666666666664,1.7656683,84.44444444444444,1.8691269,82.22222222222221,0.45286933,32.22222222222222,0.29754585,27.77777777777778,2.0004973,90.0,3.5434468,100.0,2.4108303,97.77777777777777,2.5318058,98.88888888888889,0.13972442,13.333333333333334
305 SPVI-SPVC Sall3 Nfib Gly-Gaba,81,0.9832598,60.49382716049383,0.6898327,53.086419753086425,4.4823413,100.0,1.6742924,82.71604938271605,0.69702655,51.85185185185185,0.43284702,44.44444444444444,0.5628446,40.74074074074074,3.213449,100.0,2.3578248,92.5925925925926,0.7473739,59.25925925925925,0.044015065,4.938271604938271
294 MV Pax6 Gly-Gaba,70,0.16506228,17.142857142857142,0.7626059,61.42857142857143,3.4383645,98.57142857142858,0.2829837,27.142857142857142,1.2765062,68.57142857142857,0.14746408,17.142857142857142,0.49351588,44.285714285714285,2.070044,90.0,2.2091453,100.0,2.760037,100.0,0.0,0.0
251 NTS Dbh Glut,65,0.7101874,35.38461538461539,0.15664631,13.846153846153847,0.16109218,13.846153846153847,2.5219574,86.15384615384616,1.0934337,53.84615384615385,1.1509252,72.3076923076923,1.4434613,69.23076923076923,0.61102307,32.30769230769231,2.1147232,84.61538461538461,0.8535809,46.15384615384615,0.17587768,13.846153846153847
338 Lymphoid NN,59,1.3100365,72.88135593220339,0.053354386,5.084745762711865,0.04704358,6.779661016949152,0.95383114,64.40677966101694,0.35612255,32.20338983050847,0.6538533,40.67796610169492,0.0903904,8.47457627118644,0.10326116,6.779661016949152,0.7086302,57.6271186440678,0.20267719,22.033898305084744,0.1802899,16.94915254237288
197 SNr Six3 Gaba,50,0.26588464,34.0,0.08423709,10.0,1.3064967,68.0,0.5527411,46.0,0.45721623,34.0,0.25202867,28.000000000000004,0.7303816,42.0,1.2376257,72.0,2.171707,96.0,2.9284744,100.0,0.0,0.0
285 MY Lhx1 Gly-Gaba,48,0.41588572,37.5,0.45792523,29.166666666666668,1.2532262,70.83333333333334,1.0267111,62.5,1.0891467,62.5,0.3735522,33.33333333333333,0.82882357,54.166666666666664,1.1132092,68.75,2.0003872,89.58333333333334,2.2692833,93.75,0.0104197385,2.083333333333333
228 PSV Pvalb Lhx2 Glut,47,3.154201,97.87234042553192,2.714056,89.36170212765957,3.8307412,95.74468085106383,0.5568747,40.42553191489361,0.23079006,23.404255319148938,0.2630634,29.78723404255319,0.7160884,46.808510638297875,0.18015487,14.893617021276595,1.9879303,93.61702127659575,2.6901484,97.87234042553192,0.10987709,10.638297872340425
282 POR Spp1 Gly-Gaba,47,0.37642905,29.78723404255319,0.16633,17.02127659574468,0.9722469,65.95744680851064,1.1525973,59.57446808510638,2.4356544,76.59574468085107,0.23245104,25.53191489361702,0.3176745,29.78723404255319,1.050397,44.680851063829785,2.2425013,93.61702127659575,2.4917796,100.0,0.09558758,12.76595744680851
246 CU-ECU-SPVI Foxb1 Glut,46,1.9737629,86.95652173913044,0.424988,32.608695652173914,2.1778965,84.78260869565217,1.233282,78.26086956521739,1.7007791,71.73913043478261,0.4751252,43.47826086956522,1.6619347,89.13043478260869,2.586552,93.47826086956522,2.343848,95.65217391304348,2.4844165,89.13043478260869,0.08091361,8.695652173913043
280 NLL-po Pax7 Gaba,40,0.46457267,47.5,0.16511007,20.0,0.5972374,45.0,0.31489462,32.5,0.15716454,20.0,0.15611112,20.0,0.38949147,37.5,0.1631563,20.0,1.8906062,90.0,2.6551347,100.0,0.17621008,20.0
220 PB Pax5 Glut,38,0.697844,47.368421052631575,1.1973201,71.05263157894737,1.8401847,65.78947368421053,1.0443798,68.42105263157895,1.5256336,78.94736842105263,0.25160998,23.684210526315788,2.6814134,100.0,0.5454632,44.73684210526316,1.8130208,94.73684210526315,1.8428272,86.8421052631579,0.0,0.0
265 PB Sst Gly-Gaba,34,0.90036786,50.0,0.8257636,55.88235294117647,2.54795,91.17647058823529,1.060715,64.70588235294117,2.8837519,85.29411764705883,0.34736276,26.47058823529412,1.3075376,61.76470588235294,1.098804,52.94117647058824,2.254358,91.17647058823529,1.6876554,85.29411764705883,0.05098084,5.88235294117647
278 NLL Gata3 Gly-Gaba,33,0.28476134,30.303030303030305,0.14664964,15.151515151515152,0.5203913,45.45454545454545,0.7782377,54.54545454545454,0.40375692,33.33333333333333,0.19824336,18.181818181818183,1.0155199,60.60606060606061,2.4666455,84.84848484848484,2.684878,96.96969696969697,1.8628417,75.75757575757575,0.07902645,6.0606060606060606
238 NTS Phox2b Glut,33,0.6846053,39.39393939393939,0.04810269,6.0606060606060606,0.39313456,21.21212121212121,3.5298147,90.9090909090909,2.0668821,87.87878787878788,1.3761743,75.75757575757575,0.8661522,48.484848484848484,0.8131144,48.484848484848484,2.2176769,90.9090909090909,1.1685234,81.81818181818183,0.10856657,9.090909090909092
248 MV-SPIV Zic4 Neurod2 Glut,32,0.63933843,50.0,0.4664161,43.75,2.56524,90.625,0.81662846,59.375,1.311708,65.625,0.5014993,43.75,0.5883544,43.75,1.8097416,84.375,2.3262608,100.0,2.2727222,93.75,0.04504229,6.25
337 DC NN,32,0.39583445,28.125,0.070784815,3.125,0.03780775,3.125,0.69315875,46.875,0.3197624,25.0,0.29645067,25.0,0.0,0.0,0.0,0.0,1.2191556,56.25,0.121592425,12.5,0.0,0.0
264 PRNc Otp Gly-Gaba,30,0.5211708,43.333333333333336,0.6058901,40.0,1.1612228,80.0,0.64059,56.666666666666664,1.1474767,66.66666666666666,0.28825018,26.666666666666668,0.891592,63.33333333333333,1.2234231,66.66666666666666,1.8450974,93.33333333333333,2.4282262,90.0,0.023298101,3.3333333333333335
182 CUN-PPN Evx2 Meis2 Glut,28,0.41127557,35.714285714285715,0.5207689,32.142857142857146,1.3241664,78.57142857142857,0.5869401,46.42857142857143,3.0040402,96.42857142857143,0.37671307,35.714285714285715,2.1921775,85.71428571428571,0.990838,67.85714285714286,1.9008793,96.42857142857143,1.7654508,85.71428571428571,0.03020146,3.571428571428571
170 PAG-MRN Tfap2b Glut,24,0.41826543,41.66666666666667,0.2853672,29.166666666666668,3.6186619,100.0,1.2622904,70.83333333333334,2.8094723,91.66666666666666,0.34220418,37.5,1.7120876,83.33333333333334,0.31636545,29.166666666666668,1.9354006,100.0,1.2859757,83.33333333333334,0.029143585,4.166666666666666
244 MV-SPIV Slc6a2 Glut,21,0.45033976,47.61904761904761,0.2217768,23.809523809523807,1.2971919,80.95238095238095,1.244768,90.47619047619048,1.129552,66.66666666666666,1.1394262,80.95238095238095,0.18055983,19.047619047619047,2.5470455,95.23809523809523,3.401076,100.0,2.407826,95.23809523809523,0.15281944,19.047619047619047
243 PGRN-PARN-MDRN Hoxb5 Glut,17,0.6455547,47.05882352941176,0.34684166,17.647058823529413,2.0607347,88.23529411764706,1.092865,47.05882352941176,2.2806046,82.35294117647058,0.6841426,52.94117647058824,1.865893,76.47058823529412,2.5885625,100.0,2.2561455,100.0,2.4799802,100.0,0.25965202,29.411764705882355
300 PARN-MDRNd-NTS Gbx2 Gly-Gaba,16,0.42748737,25.0,0.10318398,12.5,1.0487083,50.0,2.5397635,100.0,2.1060638,87.5,0.9829126,68.75,1.1872624,75.0,2.8442626,100.0,2.326675,93.75,1.2877903,68.75,0.0,0.0
223 B-PB Nr4a2 Glut,15,2.5007014,100.0,0.13846563,20.0,1.9320716,80.0,1.7341486,86.66666666666667,2.1878865,80.0,0.3409588,33.33333333333333,1.6971766,86.66666666666667,3.7437959,100.0,1.8683408,93.33333333333333,0.90144163,66.66666666666666,0.13206777,6.666666666666667
192 PPN-CUN-PCG Otp En1 Gaba,14,0.2800672,28.57142857142857,0.22058892,14.285714285714285,1.1243494,42.857142857142854,0.44963315,50.0,0.467522,42.857142857142854,0.0,0.0,1.0585712,85.71428571428571,0.38320145,42.857142857142854,2.0529692,100.0,2.3314319,100.0,0.0,0.0
234 MEV Ppp1r1c Glut,13,2.5197644,92.3076923076923,0.14790176,15.384615384615385,1.030375,69.23076923076923,0.98205,69.23076923076923,1.0738466,69.23076923076923,0.25755346,23.076923076923077,0.20282108,23.076923076923077,1.690834,69.23076923076923,2.4834392,92.3076923076923,0.38312906,38.46153846153847,0.0,0.0
200 PAG-ND-PCG Onecut1 Gaba,11,0.48001146,54.54545454545454,0.0630864,9.090909090909092,2.396608,81.81818181818183,0.6148138,45.45454545454545,0.76052207,54.54545454545454,0.060537744,9.090909090909092,1.8595669,72.72727272727273,2.6686575,100.0,1.7908542,100.0,1.526796,100.0,0.0,0.0
213 SCsg Gabrr2 Gaba,11,0.12714943,9.090909090909092,0.078414984,9.090909090909092,0.18402125,18.181818181818183,0.73802274,63.63636363636363,2.1706173,100.0,0.19992694,18.181818181818183,0.9308746,54.54545454545454,0.7967142,45.45454545454545,3.3591864,100.0,1.5746788,81.81818181818183,0.0,0.0
291 NTS-MDRNd Prox1 Zic1 Gly-Gaba,8,0.27053073,25.0,0.0,0.0,1.5139067,62.5,0.8267491,50.0,2.5853062,87.5,0.48832786,37.5,0.48045403,37.5,2.6261148,100.0,2.7745287,100.0,0.8906263,50.0,0.0,0.0
201 PAG-RN Nkx2-2 Otx1 Gaba,5,0.0,0.0,0.112875536,20.0,0.72806597,40.0,0.41556948,40.0,1.7487942,100.0,0.4282443,60.0,2.5929997,100.0,0.60403836,40.0,2.5843081,100.0,1.395831,100.0,0.0,0.0
292 MV Nkx6-1 Gly-Gaba,5,0.1824023,20.0,2.2625804,100.0,4.2426033,100.0,0.6184595,40.0,3.9766495,80.0,0.0,0.0,0.97784555,60.0,0.9640207,80.0,1.4580785,60.0,2.3724437,80.0,0.0,0.0
297 CU-ECU Pax2 Gly-Gaba,5,1.0168371,60.0,0.18231878,20.0,0.57441705,40.0,0.3501975,40.0,4.972027,100.0,0.22175972,20.0,0.31399855,40.0,0.5524226,20.0,1.6443634,80.0,1.6768459,100.0,0.0,0.0
336 Monocytes NN,5,0.5988458,40.0,0.22552964,20.0,0.0,0.0,1.6774368,100.0,0.1755989,20.0,0.5295628,40.0,0.0,0.0,0.0,0.0,0.9080551,40.0,0.0,0.0,0.0,0.0
166 MRN Pou3f1 C1ql4 Glut,4,0.28085023,25.0,0.0,0.0,0.45011717,50.0,2.4455538,100.0,2.9151556,100.0,0.55368334,50.0,2.7297866,100.0,0.6977987,50.0,3.0096035,100.0,2.1785417,100.0,0.0,0.0
207 SCs Dmbx1 Gaba,4,0.2179685,25.0,0.0,0.0,0.19507205,25.0,0.9153935,75.0,0.7577932,25.0,0.7296274,50.0,0.93727463,75.0,0.7882115,50.0,3.252884,100.0,2.5309944,100.0,0.0,0.0
168 SPA-SPFm-SPFp-POL-PIL-PoT Sp9 Glut,3,0.35630688,33.33333333333333,0.0,0.0,0.0,0.0,1.1463261,66.66666666666666,3.3662412,100.0,0.6272119,33.33333333333333,2.4971344,100.0,1.4259905,66.66666666666666,3.0955317,100.0,0.77660316,33.33333333333333,0.0,0.0
193 MRN-PPN-CUN Pax8 Gaba,3,0.46019706,33.33333333333333,0.33024764,33.33333333333333,1.5087956,66.66666666666666,1.9687057,66.66666666666666,1.8337222,100.0,0.3227882,33.33333333333333,0.9744057,66.66666666666666,1.2513373,66.66666666666666,2.3704343,100.0,2.2560232,100.0,0.0,0.0
247 MV-SPIV Phox2b Ebf3 Lbx1 Glut,3,0.5451906,33.33333333333333,0.0,0.0,1.1457943,33.33333333333333,0.96009034,66.66666666666666,0.8368595,66.66666666666666,0.0,0.0,1.252294,66.66666666666666,1.7554369,100.0,2.124891,100.0,1.0417767,33.33333333333333,0.0,0.0
281 POR Gata3 Gly-Gaba,3,0.0,0.0,0.21674389,33.33333333333333,0.0,0.0,1.3830191,66.66666666666666,0.36560962,33.33333333333333,0.21674389,33.33333333333333,1.1505085,100.0,4.056699,100.0,2.4788997,100.0,0.0,0.0,0.0,0.0
290 MY Prox1 Lmo7 Gly-Gaba,3,1.6073475,66.66666666666666,0.0,0.0,1.4928528,100.0,0.3056458,33.33333333333333,2.2608852,100.0,0.49103817,33.33333333333333,0.0,0.0,2.5436056,66.66666666666666,2.7716172,100.0,1.409697,66.66666666666666,0.0,0.0
173 PAG Pou4f2 Glut,3,1.7422129,100.0,0.29035467,33.33333333333333,0.74656945,66.66666666666666,2.927821,100.0,2.7615528,100.0,0.28208026,33.33333333333333,3.2408226,100.0,0.0,0.0,4.0443344,100.0,2.5290554,100.0,0.0,0.0
194 MRN-VTN-PPN Pax5 Cdh23 Gaba,3,0.0,0.0,0.7440157,66.66666666666666,0.0,0.0,0.23524177,33.33333333333333,4.1748796,100.0,0.39251783,33.33333333333333,2.093053,100.0,4.6689095,100.0,0.99793863,66.66666666666666,2.5498323,100.0,0.0,0.0
218 PSV Lmx1a Trpv6 Glut,3,1.8663484,100.0,2.6484644,100.0,4.45907,100.0,1.4089304,66.66666666666666,0.75309205,33.33333333333333,0.3203875,33.33333333333333,0.80968267,66.66666666666666,1.208649,100.0,0.9801337,66.66666666666666,2.0943317,100.0,0.0,0.0
171 PAG Pou4f1 Bnc2 Glut,2,2.7297304,100.0,0.7346061,100.0,4.616851,100.0,0.9797267,100.0,4.9808564,100.0,0.36047515,50.0,2.649239,100.0,0.61925155,50.0,2.3765397,100.0,2.4068823,100.0,0.37413093,50.0
196 PAG-PPN Pax5 Sox21 Gaba,2,0.0,0.0,0.0,0.0,0.52081764,50.0,0.38773754,50.0,1.4926872,100.0,0.0,0.0,1.2078443,100.0,3.7572906,100.0,2.263298,100.0,2.2482052,100.0,0.0,0.0
286 PPY-PGRNl Vip Glyc-Gaba,2,0.40995237,50.0,0.0,0.0,2.0268328,50.0,0.40995237,50.0,2.3432422,100.0,0.40995237,50.0,0.0,0.0,1.0109456,50.0,0.40995237,50.0,2.4140043,100.0,0.0,0.0
161 PAG Pou4f3 Glut,2,0.53030145,50.0,1.0364752,100.0,2.3515399,100.0,1.8418477,100.0,2.1430001,100.0,0.0,0.0,2.3433764,100.0,0.0,0.0,2.2468357,100.0,2.6450405,100.0,0.0,0.0
195 SNr-VTA Pax5 Npas1 Gaba,2,0.4912885,50.0,0.3316656,50.0,0.4912885,50.0,3.1806922,100.0,3.4013422,100.0,0.28668532,50.0,2.2266579,100.0,2.1601796,100.0,1.7600307,100.0,2.9319766,100.0,0.0,0.0
257 SPVC Ccdc172 Glut,2,4.0481396,100.0,3.9059658,100.0,5.1121817,100.0,3.747238,100.0,3.2088294,100.0,0.3535576,50.0,0.4297363,50.0,0.3535576,50.0,1.649914,100.0,1.5248171,100.0,0.0,0.0
229 PB-NTS Phox2b Ebf3 Lmx1b Glut,1,0.0,0.0,0.0,0.0,2.801434,100.0,1.5803595,100.0,5.665651,100.0,0.0,0.0,2.801434,100.0,0.0,0.0,0.0,0.0,3.1637843,100.0,0.0,0.0
134 PH-ant-LHA Otp Bsx Glut,1,0.8644681,100.0,0.8644681,100.0,0.0,0.0,2.351442,100.0,4.5836825,100.0,0.8644681,100.0,4.1221232,100.0,0.8644681,100.0,3.5445704,100.0,2.566574,100.0,0.0,0.0
106 PVpo-VMPO-MPN Hmx2 Gaba,1,0.0,0.0,0.0,0.0,0.0,0.0,1.994249,100.0,4.1220493,100.0,1.317329,100.0,2.9475155,100.0,1.6951319,100.0,1.317329,100.0,0.0,0.0,0.0,0.0
114 COAa-PAA-MEA Barhl2 Glut,1,0.0,0.0,0.0,0.0,0.0,0.0,0.0,0.0,2.557339,100.0,0.8594674,100.0,3.058198,100.0,0.0,0.0,1.7837102,100.0,2.7442856,100.0,0.0,0.0
090 BST-MPN Six3 Nrgn Gaba,1,0.0,0.0,0.0,0.0,0.76355886,100.0,5.0785522,100.0,4.5863576,100.0,0.0,0.0,4.1492724,100.0,1.6290162,100.0,1.9224617,100.0,4.408204,100.0,0.0,0.0
206 SCm-PAG Cdh23 Gaba,1,0.0,0.0,1.0980145,100.0,0.0,0.0,2.1446326,100.0,1.7142224,100.0,1.0980145,100.0,2.1446326,100.0,0.0,0.0,0.0,0.0,1.0980145,100.0,0.0,0.0
138 PH Pitx2 Glut,1,0.0,0.0,0.0,0.0,0.0,0.0,4.1495094,100.0,3.499003,100.0,1.1942362,100.0,4.3450804,100.0,2.6212773,100.0,2.2823536,100.0,4.5172772,100.0,0.0,0.0
139 PH-LHA Foxb1 Glut,1,0.0,0.0,0.0,0.0,1.8912972,100.0,2.8723564,100.0,3.770322,100.0,0.92844903,100.0,2.2056787,100.0,2.6824324,100.0,0.92844903,100.0,0.92844903,100.0,0.0,0.0
115 MS-SF Bsx Glut,1,0.0,0.0,0.87529546,100.0,0.87529546,100.0,3.0890665,100.0,4.0017037,100.0,0.0,0.0,3.3474135,100.0,3.0890665,100.0,3.3474135,100.0,2.9401798,100.0,0.0,0.0
272 LDT-PCG-CS Gata3 Lhx1 Gaba,1,0.0,0.0,0.0,0.0,3.914716,100.0,0.0,0.0,3.1178386,100.0,1.189125,100.0,1.189125,100.0,0.7137591,100.0,0.0,0.0,2.2751358,100.0,0.0,0.0
277 DTN-LDT-IPN Otp Pax3 Gaba,1,2.753145,100.0,3.641974,100.0,2.5659838,100.0,0.0,0.0,4.187891,100.0,0.0,0.0,1.7911029,100.0,0.0,0.0,3.2020485,100.0,2.91879,100.0,0.0,0.0
279 PSV Pax2 Gly-Gaba,1,0.0,0.0,0.0,0.0,0.0,0.0,0.0,0.0,0.0,0.0,0.0,0.0,0.0,0.0,0.0,0.0,3.9695127,100.0,2.5578947,100.0,0.0,0.0
