,geo_barcode,orig_ident,regions,subcluster,aldoc_group,nGene,nUMI,pct_counts_mt,leiden_0.2,dist_do_centroidu_30PC,idx_processed
VIe_M002_AGACAAATCGAAGGAC,VIe_M002_AGACAAATCGAAGGAC,VIe,VI,Purkinje_Aldoc_1,Aldoc+,5453,32663,0.018369408811193092,3,6.097133,6487
VIb_M002_ATTCATCAGCGATGGT,VIb_M002_ATTCATCAGCGATGGT,VIb,VI,Purkinje_Aldoc_1,Aldoc+,5179,30690,0.006516780710329097,3,6.3491654,6093
PFd_M001_GTTACAGAGGCCTAGA,PFd_M001_GTTACAGAGGCCTAGA,PFd,PF,Purkinje_Aldoc_1,Aldoc+,4590,20826,0.014405070584845865,3,6.629849,1352
PFb_M006_CTGGCAGAGTCCGTCG,PFb_M006_CTGGCAGAGTCCGTCG,PFb,PF,Purkinje_Aldoc_1,Aldoc+,4626,21773,0.018371377394020116,3,6.6680484,7214
IXd_M006_TTTAGTCTCTCTAGGA,IXd_M006_TTTAGTCTCTCTAGGA,IXd,IX,Purkinje_Aldoc_1,Aldoc+,4840,26628,0.018777226979119724,3,7.0866046,8123
PF_M006_CTTTCAAAGCCTTCTC,PF_M006_CTTTCAAAGCCTTCTC,PF,PF,Purkinje_Aldoc_2,Aldoc+,6529,45570,0.017555409260478386,5,5.874081,10682
Fc_M006_TCGTAGATCGCTTAAG,Fc_M006_TCGTAGATCGCTTAAG,Fc,F,Purkinje_Aldoc_2,Aldoc+,4768,25085,0.04385090691648395,5,6.2129097,7036
PF_M006_ACCTGTCAGATGGTCG,PF_M006_ACCTGTCAGATGGTCG,PF,PF,Purkinje_Aldoc_2,Aldoc+,5770,32180,0.07768800497203232,5,6.295755,10726
PF_M006_CGAATTGGTATTGGCT,PF_M006_CGAATTGGTATTGGCT,PF,PF,Purkinje_Aldoc_2,Aldoc+,6211,38674,0.028442881522469876,5,6.310198,10698
PF_M006_GATCAGTTCAAATGCC,PF_M006_GATCAGTTCAAATGCC,PF,PF,Purkinje_Aldoc_2,Aldoc+,6145,38582,0.03887823337307553,5,6.4860215,10699
AN2a_M002_AGATCGTGTTGGGATG,AN2a_M002_AGATCGTGTTGGGATG,AN2a,AN2,Purkinje_Aldoc_3,Aldoc+,5086,28612,0.020970222284356212,4,4.6702785,5058
PFc_M001_ATGACCACAATATCCG,PFc_M001_ATGACCACAATATCCG,PFc,PF,Purkinje_Aldoc_3,Aldoc+,5074,28931,0.031108499533372504,4,4.673701,758
PFd_M001_GTCTTTAAGAGGACTC,PFd_M001_GTCTTTAAGAGGACTC,PFd,PF,Purkinje_Aldoc_3,Aldoc+,5131,31109,0.0032145038413320904,4,4.9424367,1112
PFc_M001_CTGCATCCATACAGGG,PFc_M001_CTGCATCCATACAGGG,PFc,PF,Purkinje_Aldoc_3,Aldoc+,5128,27908,0.014332807797047441,4,5.0764546,777
PFd_M001_TACCTGCTCTAGGCAT,PFd_M001_TACCTGCTCTAGGCAT,PFd,PF,Purkinje_Aldoc_3,Aldoc+,5858,38823,0.01803054890142441,4,5.120257,1061
VIIb_M006_ACACTGATCAAGGCTT,VIIb_M006_ACACTGATCAAGGCTT,VIIb,VII,Purkinje_Aldoc_4,Aldoc+,5329,31712,0.018920282542885972,4,6.1057663,7844
VIc_M006_TCATTGTGTGTATTGC,VIc_M006_TCATTGTGTGTATTGC,VIc,VI,Purkinje_Aldoc_4,Aldoc+,5280,30392,0.03290339563042906,3,6.188331,8598
VIa_M002_AGTTCGACACATTACG,VIa_M002_AGTTCGACACATTACG,VIa,VI,Purkinje_Aldoc_4,Aldoc+,5213,28741,0.02435545040186493,3,6.3496666,5976
VIa_M002_CTATCTAGTATCGCGC,VIa_M002_CTATCTAGTATCGCGC,VIa,VI,Purkinje_Aldoc_4,Aldoc+,5588,35707,0.03360685579858291,3,6.368704,5922
AN1a_F002_TATATCCGTCTACGTA,AN1a_F002_TATATCCGTCTACGTA,AN1a,AN1,Purkinje_Aldoc_4,Aldoc+,5618,35540,0.011254924029262802,8,6.4698515,12888
VIIIa_M001_CTAACCCTCTCTATGT,VIIIa_M001_CTAACCCTCTCTATGT,VIIIa,VIII,Purkinje_Aldoc_5,Aldoc+,5612,40091,0.009977301638771795,0,6.3590364,1844
IXb_F002_CCTCCAAGTGTCTTAG,IXb_F002_CCTCCAAGTGTCTTAG,IXb,IX,Purkinje_Aldoc_5,Aldoc+,5059,26342,0.03036975172727963,0,6.3739357,16495
VIIId_F002_ACGTTCCGTTCTTCAT,VIIId_F002_ACGTTCCGTTCTTCAT,VIIId,VIII,Purkinje_Aldoc_5,Aldoc+,5267,29494,0.0372957211636265,0,6.3896656,16166
IXc_F002_TTCTTGACAGTACTAC,IXc_F002_TTCTTGACAGTACTAC,IXc,IX,Purkinje_Aldoc_5,Aldoc+,6401,46657,0.03214951668559916,0,6.505929,16561
IXa_M003_GATCAGTAGAGTCGAC,IXa_M003_GATCAGTAGAGTCGAC,IXa,IX,Purkinje_Aldoc_5,Aldoc+,3440,14279,0.07003291547027102,0,6.543545,59
AN1c_F002_GTTATGGTCCTCTAAT,AN1c_F002_GTTATGGTCCTCTAAT,AN1c,AN1,Purkinje_Aldoc_6,Aldoc+,5506,35118,0.014237712853807163,8,5.5656767,13964
AN1b_M006_AAGCGTTCATTGACTG,AN1b_M006_AAGCGTTCATTGACTG,AN1b,AN1,Purkinje_Aldoc_6,Aldoc+,3903,15590,0.03848620910840282,7,5.6743283,9711
AN1c_F002_AACCCAAGTTGGGATG,AN1c_F002_AACCCAAGTTGGGATG,AN1c,AN1,Purkinje_Aldoc_6,Aldoc+,5337,28431,0.03869016214695227,8,5.6935253,14207
AN1b_F002_GAGGCAAGTGTACAGG,AN1b_F002_GAGGCAAGTGTACAGG,AN1b,AN1,Purkinje_Aldoc_6,Aldoc+,5694,31840,0.015703517587939697,8,5.7826357,13643
AN1a_F002_CGGCAGTCACACACGC,AN1a_F002_CGGCAGTCACACACGC,AN1a,AN1,Purkinje_Aldoc_6,Aldoc+,5556,33455,0.02092362875504409,8,5.8983536,12923
Xa_F001_AACCTTTCAGCATTGT,Xa_F001_AACCTTTCAGCATTGT,Xa,X,Purkinje_Aldoc_7,Aldoc+,4166,20925,0.04778972520908004,5,6.1782956,11596
Xa_F001_GACCCAGGTCGAATTC,Xa_F001_GACCCAGGTCGAATTC,Xa,X,Purkinje_Aldoc_7,Aldoc+,3891,17525,0.0,5,7.077379,11657
Xa_F001_ACAAGCTCAGCCGGTT,Xa_F001_ACAAGCTCAGCCGGTT,Xa,X,Purkinje_Aldoc_7,Aldoc+,4176,20375,0.0196319018404908,5,7.172528,11607
Xa_F001_TCCGTGTCAACACGAG,Xa_F001_TCCGTGTCAACACGAG,Xa,X,Purkinje_Aldoc_7,Aldoc+,4554,21379,0.009354974507694467,5,7.2313795,11585
Xb_F001_GCAACATGTGCCCAGT,Xb_F001_GCAACATGTGCCCAGT,Xb,X,Purkinje_Aldoc_7,Aldoc+,3564,15689,0.012747785072343679,5,7.4320016,11257
Ia_M001_AGGTTACAGAACCCGA,Ia_M001_AGGTTACAGAACCCGA,Ia,I,Purkinje_Anti_Aldoc_1,Aldoc-,4233,22454,0.008907098957869421,1,3.7298198,1516
Ia_M001_TCCTCCCAGCAAGGAA,Ia_M001_TCCTCCCAGCAAGGAA,Ia,I,Purkinje_Anti_Aldoc_1,Aldoc-,4494,23692,0.008441668073611346,1,3.7303908,1500
Ia_M001_TATTCCATCCGATTAG,Ia_M001_TATTCCATCCGATTAG,Ia,I,Purkinje_Anti_Aldoc_1,Aldoc-,4200,21417,0.004669188028201895,1,4.015934,1530
Ia_M001_GCTACAACAGTCCGTG,Ia_M001_GCTACAACAGTCCGTG,Ia,I,Purkinje_Anti_Aldoc_1,Aldoc-,3760,18762,0.021319688732544504,1,4.4937515,1583
IIa_M001_GTGTGATGTCCAGCAC,IIa_M001_GTGTGATGTCCAGCAC,IIa,II,Purkinje_Anti_Aldoc_1,Aldoc-,3303,14311,0.020962895674655858,1,4.6311784,2371
SIMd_M002_GAGGCCTCACCGTGGT,SIMd_M002_GAGGCCTCACCGTGGT,SIMd,SIM,Purkinje_Anti_Aldoc_2,Aldoc-,4913,26932,0.02227833061042626,2,4.434933,3790
Va_M002_AGAAGTACATGGCTGC,CULa_M002_AGAAGTACATGGCTGC,Va,CUL,Purkinje_Anti_Aldoc_2,Aldoc-,5534,33301,0.015014564127203386,2,4.6148467,4135
AN2c_M002_CATTGTTTCTTCACAT,AN2c_M002_CATTGTTTCTTCACAT,AN2c,AN2,Purkinje_Anti_Aldoc_2,Aldoc-,5981,40367,0.022295439344018626,2,4.9447765,5279
SIMc_M002_ATCGTCCAGTCTACCA,SIMc_M002_ATCGTCCAGTCTACCA,SIMc,SIM,Purkinje_Anti_Aldoc_2,Aldoc-,6670,48423,0.03304214939181794,2,5.152226,3556
AN2c_M002_CTTGAGAAGTTGGCTT,AN2c_M002_CTTGAGAAGTTGGCTT,AN2c,AN2,Purkinje_Anti_Aldoc_2,Aldoc-,4785,26858,0.014893141708243355,2,5.183575,5438
