subcluster,barcode,ranga,gen,cp10k
Purkinje_Aldoc_1,VIe_M002_AGACAAATCGAAGGAC,1,Malat1,2157.86
Purkinje_Aldoc_1,VIe_M002_AGACAAATCGAAGGAC,2,Grid2,505.79
Purkinje_Aldoc_1,VIe_M002_AGACAAATCGAAGGAC,3,Anks1b,232.07
Purkinje_Aldoc_1,VIe_M002_AGACAAATCGAAGGAC,4,Auts2,160.74
Purkinje_Aldoc_1,VIe_M002_AGACAAATCGAAGGAC,5,Itpr1,134.71
Purkinje_Aldoc_1,VIe_M002_AGACAAATCGAAGGAC,6,Snhg11,94.91
Purkinje_Aldoc_1,VIe_M002_AGACAAATCGAAGGAC,7,Prkg1,83.58
Purkinje_Aldoc_1,VIe_M002_AGACAAATCGAAGGAC,8,Cdh18,76.54
Purkinje_Aldoc_1,VIe_M002_AGACAAATCGAAGGAC,9,Meg3,73.17
Purkinje_Aldoc_1,VIe_M002_AGACAAATCGAAGGAC,10,Adgrb3,68.89
Purkinje_Aldoc_1,VIe_M002_AGACAAATCGAAGGAC,11,Dlg2,51.74
Purkinje_Aldoc_1,VIe_M002_AGACAAATCGAAGGAC,12,Dmd,42.25
Purkinje_Aldoc_1,VIe_M002_AGACAAATCGAAGGAC,13,Magi2,41.64
Purkinje_Aldoc_1,VIe_M002_AGACAAATCGAAGGAC,14,Frmpd4,39.19
Purkinje_Aldoc_1,VIe_M002_AGACAAATCGAAGGAC,15,Ntm,37.35
Purkinje_Aldoc_1,VIe_M002_AGACAAATCGAAGGAC,16,Cntnap5b,37.05
Purkinje_Aldoc_1,VIe_M002_AGACAAATCGAAGGAC,17,Car8,35.82
Purkinje_Aldoc_1,VIe_M002_AGACAAATCGAAGGAC,18,Cacna1a,34.6
Purkinje_Aldoc_1,VIe_M002_AGACAAATCGAAGGAC,19,Tenm2,33.68
Purkinje_Aldoc_1,VIe_M002_AGACAAATCGAAGGAC,20,Lrp1b,32.76
Purkinje_Aldoc_1,VIe_M002_AGACAAATCGAAGGAC,21,Fgf14,32.45
Purkinje_Aldoc_1,VIe_M002_AGACAAATCGAAGGAC,22,Ptprm,29.7
Purkinje_Aldoc_1,VIe_M002_AGACAAATCGAAGGAC,23,Grm7,27.25
Purkinje_Aldoc_1,VIe_M002_AGACAAATCGAAGGAC,24,Dab1,26.94
Purkinje_Aldoc_1,VIe_M002_AGACAAATCGAAGGAC,25,Frmd4a,26.64
Purkinje_Aldoc_1,VIb_M002_ATTCATCAGCGATGGT,1,Malat1,2127.8
Purkinje_Aldoc_1,VIb_M002_ATTCATCAGCGATGGT,2,Grid2,494.97
Purkinje_Aldoc_1,VIb_M002_ATTCATCAGCGATGGT,3,Anks1b,291.64
Purkinje_Aldoc_1,VIb_M002_ATTCATCAGCGATGGT,4,Auts2,116.98
Purkinje_Aldoc_1,VIb_M002_ATTCATCAGCGATGGT,5,Itpr1,110.79
Purkinje_Aldoc_1,VIb_M002_ATTCATCAGCGATGGT,6,Snhg11,94.82
Purkinje_Aldoc_1,VIb_M002_ATTCATCAGCGATGGT,7,Cdh18,82.11
Purkinje_Aldoc_1,VIb_M002_ATTCATCAGCGATGGT,8,Meg3,79.51
Purkinje_Aldoc_1,VIb_M002_ATTCATCAGCGATGGT,9,Adgrb3,62.89
Purkinje_Aldoc_1,VIb_M002_ATTCATCAGCGATGGT,10,Magi2,49.85
Purkinje_Aldoc_1,VIb_M002_ATTCATCAGCGATGGT,11,Dmd,48.55
Purkinje_Aldoc_1,VIb_M002_ATTCATCAGCGATGGT,12,Cacna1a,47.57
Purkinje_Aldoc_1,VIb_M002_ATTCATCAGCGATGGT,13,Prkg1,47.25
Purkinje_Aldoc_1,VIb_M002_ATTCATCAGCGATGGT,14,Lrp1b,46.6
Purkinje_Aldoc_1,VIb_M002_ATTCATCAGCGATGGT,15,Dlg2,42.69
Purkinje_Aldoc_1,VIb_M002_ATTCATCAGCGATGGT,16,Frmpd4,39.1
Purkinje_Aldoc_1,VIb_M002_ATTCATCAGCGATGGT,17,Rora,37.47
Purkinje_Aldoc_1,VIb_M002_ATTCATCAGCGATGGT,18,Ntm,32.26
Purkinje_Aldoc_1,VIb_M002_ATTCATCAGCGATGGT,19,Kcnip1,30.3
Purkinje_Aldoc_1,VIb_M002_ATTCATCAGCGATGGT,20,Fgf14,29.33
Purkinje_Aldoc_1,VIb_M002_ATTCATCAGCGATGGT,21,Kcnma1,28.67
Purkinje_Aldoc_1,VIb_M002_ATTCATCAGCGATGGT,22,Dpp10,28.67
Purkinje_Aldoc_1,VIb_M002_ATTCATCAGCGATGGT,23,Tenm2,28.35
Purkinje_Aldoc_1,VIb_M002_ATTCATCAGCGATGGT,24,Kcnip4,27.05
Purkinje_Aldoc_1,VIb_M002_ATTCATCAGCGATGGT,25,Car8,25.74
Purkinje_Aldoc_1,PFd_M001_GTTACAGAGGCCTAGA,1,Malat1,1728.61
Purkinje_Aldoc_1,PFd_M001_GTTACAGAGGCCTAGA,2,Grid2,464.8
Purkinje_Aldoc_1,PFd_M001_GTTACAGAGGCCTAGA,3,Anks1b,235.28
Purkinje_Aldoc_1,PFd_M001_GTTACAGAGGCCTAGA,4,Auts2,205.51
Purkinje_Aldoc_1,PFd_M001_GTTACAGAGGCCTAGA,5,Itpr1,109.0
Purkinje_Aldoc_1,PFd_M001_GTTACAGAGGCCTAGA,6,Adgrb3,100.36
Purkinje_Aldoc_1,PFd_M001_GTTACAGAGGCCTAGA,7,Prkg1,98.91
Purkinje_Aldoc_1,PFd_M001_GTTACAGAGGCCTAGA,8,Cdh18,98.43
Purkinje_Aldoc_1,PFd_M001_GTTACAGAGGCCTAGA,9,Snhg11,85.95
Purkinje_Aldoc_1,PFd_M001_GTTACAGAGGCCTAGA,10,Meg3,84.99
Purkinje_Aldoc_1,PFd_M001_GTTACAGAGGCCTAGA,11,Magi2,52.34
Purkinje_Aldoc_1,PFd_M001_GTTACAGAGGCCTAGA,12,Dlg2,49.46
Purkinje_Aldoc_1,PFd_M001_GTTACAGAGGCCTAGA,13,Frmpd4,44.66
Purkinje_Aldoc_1,PFd_M001_GTTACAGAGGCCTAGA,14,Unc5d,42.74
Purkinje_Aldoc_1,PFd_M001_GTTACAGAGGCCTAGA,15,Lrp1b,42.25
Purkinje_Aldoc_1,PFd_M001_GTTACAGAGGCCTAGA,16,Tenm2,37.45
Purkinje_Aldoc_1,PFd_M001_GTTACAGAGGCCTAGA,17,Ntm,36.97
Purkinje_Aldoc_1,PFd_M001_GTTACAGAGGCCTAGA,18,Cacna1a,36.49
Purkinje_Aldoc_1,PFd_M001_GTTACAGAGGCCTAGA,19,Rora,33.13
Purkinje_Aldoc_1,PFd_M001_GTTACAGAGGCCTAGA,20,Arhgap26,31.69
Purkinje_Aldoc_1,PFd_M001_GTTACAGAGGCCTAGA,21,Dmd,31.69
Purkinje_Aldoc_1,PFd_M001_GTTACAGAGGCCTAGA,22,Gm42439,31.21
Purkinje_Aldoc_1,PFd_M001_GTTACAGAGGCCTAGA,23,Fgf14,30.25
Purkinje_Aldoc_1,PFd_M001_GTTACAGAGGCCTAGA,24,Gria2,27.85
Purkinje_Aldoc_1,PFd_M001_GTTACAGAGGCCTAGA,25,Cntnap5b,25.93
Purkinje_Aldoc_1,PFb_M006_CTGGCAGAGTCCGTCG,1,Malat1,1998.81
Purkinje_Aldoc_1,PFb_M006_CTGGCAGAGTCCGTCG,2,Grid2,412.44
Purkinje_Aldoc_1,PFb_M006_CTGGCAGAGTCCGTCG,3,Anks1b,222.75
Purkinje_Aldoc_1,PFb_M006_CTGGCAGAGTCCGTCG,4,Auts2,152.48
Purkinje_Aldoc_1,PFb_M006_CTGGCAGAGTCCGTCG,5,Itpr1,97.37
Purkinje_Aldoc_1,PFb_M006_CTGGCAGAGTCCGTCG,6,Snhg11,81.75
Purkinje_Aldoc_1,PFb_M006_CTGGCAGAGTCCGTCG,7,Adgrb3,71.65
Purkinje_Aldoc_1,PFb_M006_CTGGCAGAGTCCGTCG,8,Meg3,70.73
Purkinje_Aldoc_1,PFb_M006_CTGGCAGAGTCCGTCG,9,Cdh18,65.22
Purkinje_Aldoc_1,PFb_M006_CTGGCAGAGTCCGTCG,10,Tenm2,64.3
Purkinje_Aldoc_1,PFb_M006_CTGGCAGAGTCCGTCG,11,Lrp1b,52.82
Purkinje_Aldoc_1,PFb_M006_CTGGCAGAGTCCGTCG,12,Prkg1,52.82
Purkinje_Aldoc_1,PFb_M006_CTGGCAGAGTCCGTCG,13,Rora,48.68
Purkinje_Aldoc_1,PFb_M006_CTGGCAGAGTCCGTCG,14,Magi2,47.31
Purkinje_Aldoc_1,PFb_M006_CTGGCAGAGTCCGTCG,15,Frmpd4,45.93
Purkinje_Aldoc_1,PFb_M006_CTGGCAGAGTCCGTCG,16,Dmd,44.55
Purkinje_Aldoc_1,PFb_M006_CTGGCAGAGTCCGTCG,17,Fgf14,42.71
Purkinje_Aldoc_1,PFb_M006_CTGGCAGAGTCCGTCG,18,Cacna1a,39.96
Purkinje_Aldoc_1,PFb_M006_CTGGCAGAGTCCGTCG,19,Dlg2,36.28
Purkinje_Aldoc_1,PFb_M006_CTGGCAGAGTCCGTCG,20,Dab1,32.15
Purkinje_Aldoc_1,PFb_M006_CTGGCAGAGTCCGTCG,21,Ntm,30.31
Purkinje_Aldoc_1,PFb_M006_CTGGCAGAGTCCGTCG,22,Kcnip4,28.93
Purkinje_Aldoc_1,PFb_M006_CTGGCAGAGTCCGTCG,23,Cntnap5b,28.02
Purkinje_Aldoc_1,PFb_M006_CTGGCAGAGTCCGTCG,24,Car8,27.56
Purkinje_Aldoc_1,PFb_M006_CTGGCAGAGTCCGTCG,25,Ebf1,27.56
Purkinje_Aldoc_1,IXd_M006_TTTAGTCTCTCTAGGA,1,Malat1,2012.92
Purkinje_Aldoc_1,IXd_M006_TTTAGTCTCTCTAGGA,2,Grid2,431.5
Purkinje_Aldoc_1,IXd_M006_TTTAGTCTCTCTAGGA,3,Anks1b,224.95
Purkinje_Aldoc_1,IXd_M006_TTTAGTCTCTCTAGGA,4,Auts2,128.44
Purkinje_Aldoc_1,IXd_M006_TTTAGTCTCTCTAGGA,5,Itpr1,98.02
Purkinje_Aldoc_1,IXd_M006_TTTAGTCTCTCTAGGA,6,Cdh18,85.62
Purkinje_Aldoc_1,IXd_M006_TTTAGTCTCTCTAGGA,7,Adgrb3,79.62
Purkinje_Aldoc_1,IXd_M006_TTTAGTCTCTCTAGGA,8,Snhg11,75.86
Purkinje_Aldoc_1,IXd_M006_TTTAGTCTCTCTAGGA,9,Prkg1,65.72
Purkinje_Aldoc_1,IXd_M006_TTTAGTCTCTCTAGGA,10,Meg3,63.84
Purkinje_Aldoc_1,IXd_M006_TTTAGTCTCTCTAGGA,11,Dlg2,52.58
Purkinje_Aldoc_1,IXd_M006_TTTAGTCTCTCTAGGA,12,Magi2,43.56
Purkinje_Aldoc_1,IXd_M006_TTTAGTCTCTCTAGGA,13,Dmd,41.69
Purkinje_Aldoc_1,IXd_M006_TTTAGTCTCTCTAGGA,14,Dpp10,40.18
Purkinje_Aldoc_1,IXd_M006_TTTAGTCTCTCTAGGA,15,Cntnap5b,39.06
Purkinje_Aldoc_1,IXd_M006_TTTAGTCTCTCTAGGA,16,Cacna1a,39.06
Purkinje_Aldoc_1,IXd_M006_TTTAGTCTCTCTAGGA,17,Car8,35.68
Purkinje_Aldoc_1,IXd_M006_TTTAGTCTCTCTAGGA,18,Lrp1b,34.55
Purkinje_Aldoc_1,IXd_M006_TTTAGTCTCTCTAGGA,19,Rora,33.05
Purkinje_Aldoc_1,IXd_M006_TTTAGTCTCTCTAGGA,20,Kcnip4,32.67
Purkinje_Aldoc_1,IXd_M006_TTTAGTCTCTCTAGGA,21,Ntm,32.3
Purkinje_Aldoc_1,IXd_M006_TTTAGTCTCTCTAGGA,22,Frmpd4,31.92
Purkinje_Aldoc_1,IXd_M006_TTTAGTCTCTCTAGGA,23,Fgf14,31.17
Purkinje_Aldoc_1,IXd_M006_TTTAGTCTCTCTAGGA,24,Dgkh,30.79
Purkinje_Aldoc_1,IXd_M006_TTTAGTCTCTCTAGGA,25,Nrxn3,26.66
Purkinje_Aldoc_2,PF_M006_CTTTCAAAGCCTTCTC,1,Malat1,3130.64
Purkinje_Aldoc_2,PF_M006_CTTTCAAAGCCTTCTC,2,Grid2,300.42
Purkinje_Aldoc_2,PF_M006_CTTTCAAAGCCTTCTC,3,Snhg11,86.46
Purkinje_Aldoc_2,PF_M006_CTTTCAAAGCCTTCTC,4,Prkg1,82.07
Purkinje_Aldoc_2,PF_M006_CTTTCAAAGCCTTCTC,5,Itpr1,81.42
Purkinje_Aldoc_2,PF_M006_CTTTCAAAGCCTTCTC,6,Anks1b,78.34
Purkinje_Aldoc_2,PF_M006_CTTTCAAAGCCTTCTC,7,Auts2,71.1
Purkinje_Aldoc_2,PF_M006_CTTTCAAAGCCTTCTC,8,Meg3,62.98
Purkinje_Aldoc_2,PF_M006_CTTTCAAAGCCTTCTC,9,Adgrb3,47.62
Purkinje_Aldoc_2,PF_M006_CTTTCAAAGCCTTCTC,10,Ntm,41.7
Purkinje_Aldoc_2,PF_M006_CTTTCAAAGCCTTCTC,11,Cacna1a,39.06
Purkinje_Aldoc_2,PF_M006_CTTTCAAAGCCTTCTC,12,Frmpd4,37.31
Purkinje_Aldoc_2,PF_M006_CTTTCAAAGCCTTCTC,13,Dlg2,37.09
Purkinje_Aldoc_2,PF_M006_CTTTCAAAGCCTTCTC,14,Pcdh9,33.79
Purkinje_Aldoc_2,PF_M006_CTTTCAAAGCCTTCTC,15,Magi2,32.26
Purkinje_Aldoc_2,PF_M006_CTTTCAAAGCCTTCTC,16,Kcnma1,29.63
Purkinje_Aldoc_2,PF_M006_CTTTCAAAGCCTTCTC,17,Dab1,27.21
Purkinje_Aldoc_2,PF_M006_CTTTCAAAGCCTTCTC,18,Grm1,27.21
Purkinje_Aldoc_2,PF_M006_CTTTCAAAGCCTTCTC,19,Lsamp,26.99
Purkinje_Aldoc_2,PF_M006_CTTTCAAAGCCTTCTC,20,Nrxn3,26.33
Purkinje_Aldoc_2,PF_M006_CTTTCAAAGCCTTCTC,21,Car8,25.24
Purkinje_Aldoc_2,PF_M006_CTTTCAAAGCCTTCTC,22,Kalrn,25.02
Purkinje_Aldoc_2,PF_M006_CTTTCAAAGCCTTCTC,23,Dmd,24.8
Purkinje_Aldoc_2,PF_M006_CTTTCAAAGCCTTCTC,24,Kcnip1,24.36
Purkinje_Aldoc_2,PF_M006_CTTTCAAAGCCTTCTC,25,Calb1,24.14
Purkinje_Aldoc_2,Fc_M006_TCGTAGATCGCTTAAG,1,Malat1,2938.81
Purkinje_Aldoc_2,Fc_M006_TCGTAGATCGCTTAAG,2,Grid2,349.21
Purkinje_Aldoc_2,Fc_M006_TCGTAGATCGCTTAAG,3,Snhg11,96.07
Purkinje_Aldoc_2,Fc_M006_TCGTAGATCGCTTAAG,4,Itpr1,84.91
Purkinje_Aldoc_2,Fc_M006_TCGTAGATCGCTTAAG,5,Auts2,80.13
Purkinje_Aldoc_2,Fc_M006_TCGTAGATCGCTTAAG,6,Anks1b,74.55
Purkinje_Aldoc_2,Fc_M006_TCGTAGATCGCTTAAG,7,Prkg1,68.17
Purkinje_Aldoc_2,Fc_M006_TCGTAGATCGCTTAAG,8,Adgrb3,53.02
Purkinje_Aldoc_2,Fc_M006_TCGTAGATCGCTTAAG,9,Magi2,51.03
Purkinje_Aldoc_2,Fc_M006_TCGTAGATCGCTTAAG,10,Lsamp,48.63
Purkinje_Aldoc_2,Fc_M006_TCGTAGATCGCTTAAG,11,Cdh18,47.84
Purkinje_Aldoc_2,Fc_M006_TCGTAGATCGCTTAAG,12,Meg3,46.24
Purkinje_Aldoc_2,Fc_M006_TCGTAGATCGCTTAAG,13,Ntm,38.27
Purkinje_Aldoc_2,Fc_M006_TCGTAGATCGCTTAAG,14,Garnl3,38.27
Purkinje_Aldoc_2,Fc_M006_TCGTAGATCGCTTAAG,15,Kcnma1,35.08
Purkinje_Aldoc_2,Fc_M006_TCGTAGATCGCTTAAG,16,Cacna1a,34.28
Purkinje_Aldoc_2,Fc_M006_TCGTAGATCGCTTAAG,17,Dlg2,31.89
Purkinje_Aldoc_2,Fc_M006_TCGTAGATCGCTTAAG,18,Dmd,31.49
Purkinje_Aldoc_2,Fc_M006_TCGTAGATCGCTTAAG,19,Astn2,31.09
Purkinje_Aldoc_2,Fc_M006_TCGTAGATCGCTTAAG,20,Cntnap5b,30.3
Purkinje_Aldoc_2,Fc_M006_TCGTAGATCGCTTAAG,21,Frmpd4,29.9
Purkinje_Aldoc_2,Fc_M006_TCGTAGATCGCTTAAG,22,Fgf14,29.5
Purkinje_Aldoc_2,Fc_M006_TCGTAGATCGCTTAAG,23,Dpp10,27.91
Purkinje_Aldoc_2,Fc_M006_TCGTAGATCGCTTAAG,24,Rora,27.51
Purkinje_Aldoc_2,Fc_M006_TCGTAGATCGCTTAAG,25,Nrxn3,27.11
Purkinje_Aldoc_2,PF_M006_ACCTGTCAGATGGTCG,1,Malat1,2532.71
Purkinje_Aldoc_2,PF_M006_ACCTGTCAGATGGTCG,2,Grid2,377.26
Purkinje_Aldoc_2,PF_M006_ACCTGTCAGATGGTCG,3,Snhg11,119.64
Purkinje_Aldoc_2,PF_M006_ACCTGTCAGATGGTCG,4,Anks1b,109.39
Purkinje_Aldoc_2,PF_M006_ACCTGTCAGATGGTCG,5,Auts2,90.12
Purkinje_Aldoc_2,PF_M006_ACCTGTCAGATGGTCG,6,Meg3,80.18
Purkinje_Aldoc_2,PF_M006_ACCTGTCAGATGGTCG,7,Itpr1,79.24
Purkinje_Aldoc_2,PF_M006_ACCTGTCAGATGGTCG,8,Prkg1,64.33
Purkinje_Aldoc_2,PF_M006_ACCTGTCAGATGGTCG,9,Adgrb3,54.07
Purkinje_Aldoc_2,PF_M006_ACCTGTCAGATGGTCG,10,Frmpd4,52.52
Purkinje_Aldoc_2,PF_M006_ACCTGTCAGATGGTCG,11,Cacna1a,43.82
Purkinje_Aldoc_2,PF_M006_ACCTGTCAGATGGTCG,12,Magi2,43.82
Purkinje_Aldoc_2,PF_M006_ACCTGTCAGATGGTCG,13,Frmd4a,43.82
Purkinje_Aldoc_2,PF_M006_ACCTGTCAGATGGTCG,14,Ntm,39.47
Purkinje_Aldoc_2,PF_M006_ACCTGTCAGATGGTCG,15,Dlg2,35.43
Purkinje_Aldoc_2,PF_M006_ACCTGTCAGATGGTCG,16,Lsamp,34.49
Purkinje_Aldoc_2,PF_M006_ACCTGTCAGATGGTCG,17,Cdh18,32.32
Purkinje_Aldoc_2,PF_M006_ACCTGTCAGATGGTCG,18,Pcdh9,31.08
Purkinje_Aldoc_2,PF_M006_ACCTGTCAGATGGTCG,19,Cntnap5b,30.45
Purkinje_Aldoc_2,PF_M006_ACCTGTCAGATGGTCG,20,Astn2,27.66
Purkinje_Aldoc_2,PF_M006_ACCTGTCAGATGGTCG,21,Fgf14,27.04
Purkinje_Aldoc_2,PF_M006_ACCTGTCAGATGGTCG,22,Kcnma1,26.73
Purkinje_Aldoc_2,PF_M006_ACCTGTCAGATGGTCG,23,Nrxn3,26.73
Purkinje_Aldoc_2,PF_M006_ACCTGTCAGATGGTCG,24,Etl4,26.41
Purkinje_Aldoc_2,PF_M006_ACCTGTCAGATGGTCG,25,Cntn3,26.1
Purkinje_Aldoc_2,PF_M006_CGAATTGGTATTGGCT,1,Malat1,2644.93
Purkinje_Aldoc_2,PF_M006_CGAATTGGTATTGGCT,2,Grid2,333.56
Purkinje_Aldoc_2,PF_M006_CGAATTGGTATTGGCT,3,Snhg11,110.93
Purkinje_Aldoc_2,PF_M006_CGAATTGGTATTGGCT,4,Meg3,100.07
Purkinje_Aldoc_2,PF_M006_CGAATTGGTATTGGCT,5,Prkg1,98.77
Purkinje_Aldoc_2,PF_M006_CGAATTGGTATTGGCT,6,Itpr1,84.29
Purkinje_Aldoc_2,PF_M006_CGAATTGGTATTGGCT,7,Auts2,83.26
Purkinje_Aldoc_2,PF_M006_CGAATTGGTATTGGCT,8,Anks1b,76.54
Purkinje_Aldoc_2,PF_M006_CGAATTGGTATTGGCT,9,Adgrb3,52.75
Purkinje_Aldoc_2,PF_M006_CGAATTGGTATTGGCT,10,Ntm,52.75
Purkinje_Aldoc_2,PF_M006_CGAATTGGTATTGGCT,11,Magi2,47.06
Purkinje_Aldoc_2,PF_M006_CGAATTGGTATTGGCT,12,Cdh18,44.22
Purkinje_Aldoc_2,PF_M006_CGAATTGGTATTGGCT,13,Lsamp,35.94
Purkinje_Aldoc_2,PF_M006_CGAATTGGTATTGGCT,14,Frmpd4,35.68
Purkinje_Aldoc_2,PF_M006_CGAATTGGTATTGGCT,15,Cacna1a,35.68
Purkinje_Aldoc_2,PF_M006_CGAATTGGTATTGGCT,16,Nrxn3,34.39
Purkinje_Aldoc_2,PF_M006_CGAATTGGTATTGGCT,17,Car8,32.84
Purkinje_Aldoc_2,PF_M006_CGAATTGGTATTGGCT,18,Kcnma1,31.03
Purkinje_Aldoc_2,PF_M006_CGAATTGGTATTGGCT,19,Dlg2,28.96
Purkinje_Aldoc_2,PF_M006_CGAATTGGTATTGGCT,20,Pcdh9,28.96
Purkinje_Aldoc_2,PF_M006_CGAATTGGTATTGGCT,21,Fgf14,26.12
Purkinje_Aldoc_2,PF_M006_CGAATTGGTATTGGCT,22,Large,24.31
Purkinje_Aldoc_2,PF_M006_CGAATTGGTATTGGCT,23,Calb1,23.79
Purkinje_Aldoc_2,PF_M006_CGAATTGGTATTGGCT,24,Kcnip1,23.79
Purkinje_Aldoc_2,PF_M006_CGAATTGGTATTGGCT,25,Grm1,23.53
Purkinje_Aldoc_2,PF_M006_GATCAGTTCAAATGCC,1,Malat1,3229.05
Purkinje_Aldoc_2,PF_M006_GATCAGTTCAAATGCC,2,Grid2,284.34
Purkinje_Aldoc_2,PF_M006_GATCAGTTCAAATGCC,3,Snhg11,100.31
Purkinje_Aldoc_2,PF_M006_GATCAGTTCAAATGCC,4,Auts2,85.02
Purkinje_Aldoc_2,PF_M006_GATCAGTTCAAATGCC,5,Itpr1,83.98
Purkinje_Aldoc_2,PF_M006_GATCAGTTCAAATGCC,6,Anks1b,79.83
Purkinje_Aldoc_2,PF_M006_GATCAGTTCAAATGCC,7,Meg3,67.91
Purkinje_Aldoc_2,PF_M006_GATCAGTTCAAATGCC,8,Prkg1,62.98
Purkinje_Aldoc_2,PF_M006_GATCAGTTCAAATGCC,9,Adgrb3,59.87
Purkinje_Aldoc_2,PF_M006_GATCAGTTCAAATGCC,10,Cacna1a,40.69
Purkinje_Aldoc_2,PF_M006_GATCAGTTCAAATGCC,11,Ntm,38.1
Purkinje_Aldoc_2,PF_M006_GATCAGTTCAAATGCC,12,Magi2,36.29
Purkinje_Aldoc_2,PF_M006_GATCAGTTCAAATGCC,13,Frmpd4,31.88
Purkinje_Aldoc_2,PF_M006_GATCAGTTCAAATGCC,14,Calb1,30.33
Purkinje_Aldoc_2,PF_M006_GATCAGTTCAAATGCC,15,Kcnma1,30.07
Purkinje_Aldoc_2,PF_M006_GATCAGTTCAAATGCC,16,Dlg2,29.29
Purkinje_Aldoc_2,PF_M006_GATCAGTTCAAATGCC,17,Lsamp,26.7
Purkinje_Aldoc_2,PF_M006_GATCAGTTCAAATGCC,18,Pcdh9,25.66
Purkinje_Aldoc_2,PF_M006_GATCAGTTCAAATGCC,19,Cntnap5b,25.14
Purkinje_Aldoc_2,PF_M006_GATCAGTTCAAATGCC,20,Cdh18,24.11
Purkinje_Aldoc_2,PF_M006_GATCAGTTCAAATGCC,21,Dab1,23.85
Purkinje_Aldoc_2,PF_M006_GATCAGTTCAAATGCC,22,Etl4,23.59
Purkinje_Aldoc_2,PF_M006_GATCAGTTCAAATGCC,23,Car8,23.33
Purkinje_Aldoc_2,PF_M006_GATCAGTTCAAATGCC,24,Frmd4a,22.55
Purkinje_Aldoc_2,PF_M006_GATCAGTTCAAATGCC,25,Dmd,21.77
Purkinje_Aldoc_3,AN2a_M002_AGATCGTGTTGGGATG,1,Malat1,2308.47
Purkinje_Aldoc_3,AN2a_M002_AGATCGTGTTGGGATG,2,Grid2,551.52
Purkinje_Aldoc_3,AN2a_M002_AGATCGTGTTGGGATG,3,Auts2,101.36
Purkinje_Aldoc_3,AN2a_M002_AGATCGTGTTGGGATG,4,Snhg11,99.26
Purkinje_Aldoc_3,AN2a_M002_AGATCGTGTTGGGATG,5,Anks1b,90.17
Purkinje_Aldoc_3,AN2a_M002_AGATCGTGTTGGGATG,6,Prkg1,84.23
Purkinje_Aldoc_3,AN2a_M002_AGATCGTGTTGGGATG,7,Adgrb3,83.18
Purkinje_Aldoc_3,AN2a_M002_AGATCGTGTTGGGATG,8,Itpr1,80.04
Purkinje_Aldoc_3,AN2a_M002_AGATCGTGTTGGGATG,9,Cdh18,70.6
Purkinje_Aldoc_3,AN2a_M002_AGATCGTGTTGGGATG,10,Magi2,66.41
Purkinje_Aldoc_3,AN2a_M002_AGATCGTGTTGGGATG,11,Meg3,61.51
Purkinje_Aldoc_3,AN2a_M002_AGATCGTGTTGGGATG,12,Dlg2,54.17
Purkinje_Aldoc_3,AN2a_M002_AGATCGTGTTGGGATG,13,Fgf14,47.18
Purkinje_Aldoc_3,AN2a_M002_AGATCGTGTTGGGATG,14,Frmpd4,45.44
Purkinje_Aldoc_3,AN2a_M002_AGATCGTGTTGGGATG,15,Dpp10,40.54
Purkinje_Aldoc_3,AN2a_M002_AGATCGTGTTGGGATG,16,Dab1,38.79
Purkinje_Aldoc_3,AN2a_M002_AGATCGTGTTGGGATG,17,Car8,35.65
Purkinje_Aldoc_3,AN2a_M002_AGATCGTGTTGGGATG,18,Dmd,33.9
Purkinje_Aldoc_3,AN2a_M002_AGATCGTGTTGGGATG,19,Ntm,33.9
Purkinje_Aldoc_3,AN2a_M002_AGATCGTGTTGGGATG,20,Cacna1a,32.85
Purkinje_Aldoc_3,AN2a_M002_AGATCGTGTTGGGATG,21,Large,32.15
Purkinje_Aldoc_3,AN2a_M002_AGATCGTGTTGGGATG,22,Kcnma1,27.26
Purkinje_Aldoc_3,AN2a_M002_AGATCGTGTTGGGATG,23,Garnl3,26.91
Purkinje_Aldoc_3,AN2a_M002_AGATCGTGTTGGGATG,24,Cntnap5b,26.91
Purkinje_Aldoc_3,AN2a_M002_AGATCGTGTTGGGATG,25,Nrxn3,26.21
Purkinje_Aldoc_3,PFc_M001_ATGACCACAATATCCG,1,Malat1,2494.9
Purkinje_Aldoc_3,PFc_M001_ATGACCACAATATCCG,2,Grid2,570.32
Purkinje_Aldoc_3,PFc_M001_ATGACCACAATATCCG,3,Anks1b,183.54
Purkinje_Aldoc_3,PFc_M001_ATGACCACAATATCCG,4,Auts2,111.3
Purkinje_Aldoc_3,PFc_M001_ATGACCACAATATCCG,5,Snhg11,103.0
Purkinje_Aldoc_3,PFc_M001_ATGACCACAATATCCG,6,Cdh18,95.75
Purkinje_Aldoc_3,PFc_M001_ATGACCACAATATCCG,7,Adgrb3,83.65
Purkinje_Aldoc_3,PFc_M001_ATGACCACAATATCCG,8,Itpr1,77.08
Purkinje_Aldoc_3,PFc_M001_ATGACCACAATATCCG,9,Prkg1,77.08
Purkinje_Aldoc_3,PFc_M001_ATGACCACAATATCCG,10,Meg3,58.41
Purkinje_Aldoc_3,PFc_M001_ATGACCACAATATCCG,11,Magi2,50.81
Purkinje_Aldoc_3,PFc_M001_ATGACCACAATATCCG,12,Dlg2,46.32
Purkinje_Aldoc_3,PFc_M001_ATGACCACAATATCCG,13,Kcnma1,41.48
Purkinje_Aldoc_3,PFc_M001_ATGACCACAATATCCG,14,Frmpd4,41.13
Purkinje_Aldoc_3,PFc_M001_ATGACCACAATATCCG,15,Ntm,39.75
Purkinje_Aldoc_3,PFc_M001_ATGACCACAATATCCG,16,Fgf14,35.26
Purkinje_Aldoc_3,PFc_M001_ATGACCACAATATCCG,17,Car8,32.15
Purkinje_Aldoc_3,PFc_M001_ATGACCACAATATCCG,18,Garnl3,31.11
Purkinje_Aldoc_3,PFc_M001_ATGACCACAATATCCG,19,Frmd4a,30.76
Purkinje_Aldoc_3,PFc_M001_ATGACCACAATATCCG,20,Astn2,29.73
Purkinje_Aldoc_3,PFc_M001_ATGACCACAATATCCG,21,Cacna1a,28.0
Purkinje_Aldoc_3,PFc_M001_ATGACCACAATATCCG,22,Dpp10,27.65
Purkinje_Aldoc_3,PFc_M001_ATGACCACAATATCCG,23,Dab1,25.92
Purkinje_Aldoc_3,PFc_M001_ATGACCACAATATCCG,24,Frmd5,25.58
Purkinje_Aldoc_3,PFc_M001_ATGACCACAATATCCG,25,Kcnip1,25.23
Purkinje_Aldoc_3,PFd_M001_GTCTTTAAGAGGACTC,1,Malat1,2453.31
Purkinje_Aldoc_3,PFd_M001_GTCTTTAAGAGGACTC,2,Grid2,479.93
Purkinje_Aldoc_3,PFd_M001_GTCTTTAAGAGGACTC,3,Anks1b,193.19
Purkinje_Aldoc_3,PFd_M001_GTCTTTAAGAGGACTC,4,Cdh18,104.47
Purkinje_Aldoc_3,PFd_M001_GTCTTTAAGAGGACTC,5,Auts2,102.86
Purkinje_Aldoc_3,PFd_M001_GTCTTTAAGAGGACTC,6,Snhg11,99.97
Purkinje_Aldoc_3,PFd_M001_GTCTTTAAGAGGACTC,7,Itpr1,82.29
Purkinje_Aldoc_3,PFd_M001_GTCTTTAAGAGGACTC,8,Prkg1,78.43
Purkinje_Aldoc_3,PFd_M001_GTCTTTAAGAGGACTC,9,Adgrb3,76.18
Purkinje_Aldoc_3,PFd_M001_GTCTTTAAGAGGACTC,10,Frmpd4,62.36
Purkinje_Aldoc_3,PFd_M001_GTCTTTAAGAGGACTC,11,Dlg2,57.54
Purkinje_Aldoc_3,PFd_M001_GTCTTTAAGAGGACTC,12,Meg3,50.15
Purkinje_Aldoc_3,PFd_M001_GTCTTTAAGAGGACTC,13,Magi2,49.5
Purkinje_Aldoc_3,PFd_M001_GTCTTTAAGAGGACTC,14,Fgf14,48.54
Purkinje_Aldoc_3,PFd_M001_GTCTTTAAGAGGACTC,15,Dpp10,43.72
Purkinje_Aldoc_3,PFd_M001_GTCTTTAAGAGGACTC,16,Ntm,39.86
Purkinje_Aldoc_3,PFd_M001_GTCTTTAAGAGGACTC,17,Dmd,39.54
Purkinje_Aldoc_3,PFd_M001_GTCTTTAAGAGGACTC,18,Cacna1a,36.32
Purkinje_Aldoc_3,PFd_M001_GTCTTTAAGAGGACTC,19,Arhgap26,35.36
Purkinje_Aldoc_3,PFd_M001_GTCTTTAAGAGGACTC,20,Cntnap5b,30.86
Purkinje_Aldoc_3,PFd_M001_GTCTTTAAGAGGACTC,21,Kcnma1,30.22
Purkinje_Aldoc_3,PFd_M001_GTCTTTAAGAGGACTC,22,Car8,30.22
Purkinje_Aldoc_3,PFd_M001_GTCTTTAAGAGGACTC,23,Ebf1,29.89
Purkinje_Aldoc_3,PFd_M001_GTCTTTAAGAGGACTC,24,Nrxn3,29.57
Purkinje_Aldoc_3,PFd_M001_GTCTTTAAGAGGACTC,25,Grm1,28.61
Purkinje_Aldoc_3,PFc_M001_CTGCATCCATACAGGG,1,Malat1,2105.85
Purkinje_Aldoc_3,PFc_M001_CTGCATCCATACAGGG,2,Grid2,513.83
Purkinje_Aldoc_3,PFc_M001_CTGCATCCATACAGGG,3,Anks1b,201.73
Purkinje_Aldoc_3,PFc_M001_CTGCATCCATACAGGG,4,Auts2,117.89
Purkinje_Aldoc_3,PFc_M001_CTGCATCCATACAGGG,5,Snhg11,103.55
Purkinje_Aldoc_3,PFc_M001_CTGCATCCATACAGGG,6,Prkg1,101.4
Purkinje_Aldoc_3,PFc_M001_CTGCATCCATACAGGG,7,Itpr1,88.51
Purkinje_Aldoc_3,PFc_M001_CTGCATCCATACAGGG,8,Cdh18,81.34
Purkinje_Aldoc_3,PFc_M001_CTGCATCCATACAGGG,9,Adgrb3,77.76
Purkinje_Aldoc_3,PFc_M001_CTGCATCCATACAGGG,10,Dlg2,73.1
Purkinje_Aldoc_3,PFc_M001_CTGCATCCATACAGGG,11,Meg3,61.99
Purkinje_Aldoc_3,PFc_M001_CTGCATCCATACAGGG,12,Magi2,56.97
Purkinje_Aldoc_3,PFc_M001_CTGCATCCATACAGGG,13,Cacna1a,40.85
Purkinje_Aldoc_3,PFc_M001_CTGCATCCATACAGGG,14,Frmpd4,40.49
Purkinje_Aldoc_3,PFc_M001_CTGCATCCATACAGGG,15,Fgf14,40.13
Purkinje_Aldoc_3,PFc_M001_CTGCATCCATACAGGG,16,Ntm,39.06
Purkinje_Aldoc_3,PFc_M001_CTGCATCCATACAGGG,17,Dpp10,35.83
Purkinje_Aldoc_3,PFc_M001_CTGCATCCATACAGGG,18,Cntnap5b,35.83
Purkinje_Aldoc_3,PFc_M001_CTGCATCCATACAGGG,19,Large,35.12
Purkinje_Aldoc_3,PFc_M001_CTGCATCCATACAGGG,20,Garnl3,33.32
Purkinje_Aldoc_3,PFc_M001_CTGCATCCATACAGGG,21,Ebf1,31.53
Purkinje_Aldoc_3,PFc_M001_CTGCATCCATACAGGG,22,Nrxn3,30.82
Purkinje_Aldoc_3,PFc_M001_CTGCATCCATACAGGG,23,Kcnma1,30.82
Purkinje_Aldoc_3,PFc_M001_CTGCATCCATACAGGG,24,Rora,29.02
Purkinje_Aldoc_3,PFc_M001_CTGCATCCATACAGGG,25,Astn2,27.95
Purkinje_Aldoc_3,PFd_M001_TACCTGCTCTAGGCAT,1,Malat1,2765.11
Purkinje_Aldoc_3,PFd_M001_TACCTGCTCTAGGCAT,2,Grid2,492.75
Purkinje_Aldoc_3,PFd_M001_TACCTGCTCTAGGCAT,3,Anks1b,187.0
Purkinje_Aldoc_3,PFd_M001_TACCTGCTCTAGGCAT,4,Snhg11,103.8
Purkinje_Aldoc_3,PFd_M001_TACCTGCTCTAGGCAT,5,Auts2,92.73
Purkinje_Aldoc_3,PFd_M001_TACCTGCTCTAGGCAT,6,Adgrb3,74.7
Purkinje_Aldoc_3,PFd_M001_TACCTGCTCTAGGCAT,7,Meg3,69.29
Purkinje_Aldoc_3,PFd_M001_TACCTGCTCTAGGCAT,8,Cdh18,60.02
Purkinje_Aldoc_3,PFd_M001_TACCTGCTCTAGGCAT,9,Prkg1,54.86
Purkinje_Aldoc_3,PFd_M001_TACCTGCTCTAGGCAT,10,Magi2,51.77
Purkinje_Aldoc_3,PFd_M001_TACCTGCTCTAGGCAT,11,Itpr1,50.23
Purkinje_Aldoc_3,PFd_M001_TACCTGCTCTAGGCAT,12,Ntm,42.76
Purkinje_Aldoc_3,PFd_M001_TACCTGCTCTAGGCAT,13,Dmd,41.99
Purkinje_Aldoc_3,PFd_M001_TACCTGCTCTAGGCAT,14,Dlg2,36.58
Purkinje_Aldoc_3,PFd_M001_TACCTGCTCTAGGCAT,15,Cacna1a,35.29
Purkinje_Aldoc_3,PFd_M001_TACCTGCTCTAGGCAT,16,Frmpd4,35.29
Purkinje_Aldoc_3,PFd_M001_TACCTGCTCTAGGCAT,17,Fgf14,31.42
Purkinje_Aldoc_3,PFd_M001_TACCTGCTCTAGGCAT,18,Dpp10,30.91
Purkinje_Aldoc_3,PFd_M001_TACCTGCTCTAGGCAT,19,Large,29.88
Purkinje_Aldoc_3,PFd_M001_TACCTGCTCTAGGCAT,20,Nrxn3,27.56
Purkinje_Aldoc_3,PFd_M001_TACCTGCTCTAGGCAT,21,Dab1,26.79
Purkinje_Aldoc_3,PFd_M001_TACCTGCTCTAGGCAT,22,Kcnma1,26.53
Purkinje_Aldoc_3,PFd_M001_TACCTGCTCTAGGCAT,23,Rora,25.24
Purkinje_Aldoc_3,PFd_M001_TACCTGCTCTAGGCAT,24,Astn2,24.99
Purkinje_Aldoc_3,PFd_M001_TACCTGCTCTAGGCAT,25,Gria2,24.99
Purkinje_Aldoc_4,VIIb_M006_ACACTGATCAAGGCTT,1,Malat1,2202.01
Purkinje_Aldoc_4,VIIb_M006_ACACTGATCAAGGCTT,2,Grid2,555.63
Purkinje_Aldoc_4,VIIb_M006_ACACTGATCAAGGCTT,3,Anks1b,196.77
Purkinje_Aldoc_4,VIIb_M006_ACACTGATCAAGGCTT,4,Snhg11,95.86
Purkinje_Aldoc_4,VIIb_M006_ACACTGATCAAGGCTT,5,Itpr1,89.87
Purkinje_Aldoc_4,VIIb_M006_ACACTGATCAAGGCTT,6,Auts2,73.47
Purkinje_Aldoc_4,VIIb_M006_ACACTGATCAAGGCTT,7,Magi2,62.75
Purkinje_Aldoc_4,VIIb_M006_ACACTGATCAAGGCTT,8,Meg3,62.12
Purkinje_Aldoc_4,VIIb_M006_ACACTGATCAAGGCTT,9,Adgrb3,60.23
Purkinje_Aldoc_4,VIIb_M006_ACACTGATCAAGGCTT,10,Cdh18,59.6
Purkinje_Aldoc_4,VIIb_M006_ACACTGATCAAGGCTT,11,Ntm,46.04
Purkinje_Aldoc_4,VIIb_M006_ACACTGATCAAGGCTT,12,Prkg1,45.72
Purkinje_Aldoc_4,VIIb_M006_ACACTGATCAAGGCTT,13,Car8,44.78
Purkinje_Aldoc_4,VIIb_M006_ACACTGATCAAGGCTT,14,Dlg2,43.83
Purkinje_Aldoc_4,VIIb_M006_ACACTGATCAAGGCTT,15,Kcnma1,39.1
Purkinje_Aldoc_4,VIIb_M006_ACACTGATCAAGGCTT,16,Cacna1a,36.89
Purkinje_Aldoc_4,VIIb_M006_ACACTGATCAAGGCTT,17,Fgf14,36.26
Purkinje_Aldoc_4,VIIb_M006_ACACTGATCAAGGCTT,18,Dpp10,35.32
Purkinje_Aldoc_4,VIIb_M006_ACACTGATCAAGGCTT,19,Dab1,35.0
Purkinje_Aldoc_4,VIIb_M006_ACACTGATCAAGGCTT,20,Frmpd4,35.0
Purkinje_Aldoc_4,VIIb_M006_ACACTGATCAAGGCTT,21,Dmd,34.69
Purkinje_Aldoc_4,VIIb_M006_ACACTGATCAAGGCTT,22,Nrxn3,34.37
Purkinje_Aldoc_4,VIIb_M006_ACACTGATCAAGGCTT,23,Pcdh9,28.07
Purkinje_Aldoc_4,VIIb_M006_ACACTGATCAAGGCTT,24,Garnl3,26.17
Purkinje_Aldoc_4,VIIb_M006_ACACTGATCAAGGCTT,25,Astn2,23.97
Purkinje_Aldoc_4,VIc_M006_TCATTGTGTGTATTGC,1,Malat1,2875.76
Purkinje_Aldoc_4,VIc_M006_TCATTGTGTGTATTGC,2,Grid2,427.42
Purkinje_Aldoc_4,VIc_M006_TCATTGTGTGTATTGC,3,Anks1b,149.38
Purkinje_Aldoc_4,VIc_M006_TCATTGTGTGTATTGC,4,Snhg11,93.12
Purkinje_Aldoc_4,VIc_M006_TCATTGTGTGTATTGC,5,Prkg1,89.83
Purkinje_Aldoc_4,VIc_M006_TCATTGTGTGTATTGC,6,Itpr1,85.88
Purkinje_Aldoc_4,VIc_M006_TCATTGTGTGTATTGC,7,Auts2,84.89
Purkinje_Aldoc_4,VIc_M006_TCATTGTGTGTATTGC,8,Adgrb3,66.14
Purkinje_Aldoc_4,VIc_M006_TCATTGTGTGTATTGC,9,Meg3,57.91
Purkinje_Aldoc_4,VIc_M006_TCATTGTGTGTATTGC,10,Cdh18,54.62
Purkinje_Aldoc_4,VIc_M006_TCATTGTGTGTATTGC,11,Magi2,48.37
Purkinje_Aldoc_4,VIc_M006_TCATTGTGTGTATTGC,12,Dlg2,43.1
Purkinje_Aldoc_4,VIc_M006_TCATTGTGTGTATTGC,13,Cacna1a,38.17
Purkinje_Aldoc_4,VIc_M006_TCATTGTGTGTATTGC,14,Dmd,37.84
Purkinje_Aldoc_4,VIc_M006_TCATTGTGTGTATTGC,15,Fgf14,31.26
Purkinje_Aldoc_4,VIc_M006_TCATTGTGTGTATTGC,16,Car8,30.93
Purkinje_Aldoc_4,VIc_M006_TCATTGTGTGTATTGC,17,Frmpd4,30.27
Purkinje_Aldoc_4,VIc_M006_TCATTGTGTGTATTGC,18,Ntm,29.61
Purkinje_Aldoc_4,VIc_M006_TCATTGTGTGTATTGC,19,Cntnap5b,28.3
Purkinje_Aldoc_4,VIc_M006_TCATTGTGTGTATTGC,20,Nrxn3,26.65
Purkinje_Aldoc_4,VIc_M006_TCATTGTGTGTATTGC,21,Kcnma1,25.34
Purkinje_Aldoc_4,VIc_M006_TCATTGTGTGTATTGC,22,Large,25.01
Purkinje_Aldoc_4,VIc_M006_TCATTGTGTGTATTGC,23,Pcdh9,24.35
Purkinje_Aldoc_4,VIc_M006_TCATTGTGTGTATTGC,24,Dab1,23.69
Purkinje_Aldoc_4,VIc_M006_TCATTGTGTGTATTGC,25,Kcnip1,22.7
Purkinje_Aldoc_4,VIa_M002_AGTTCGACACATTACG,1,Malat1,2512.09
Purkinje_Aldoc_4,VIa_M002_AGTTCGACACATTACG,2,Grid2,491.28
Purkinje_Aldoc_4,VIa_M002_AGTTCGACACATTACG,3,Anks1b,202.85
Purkinje_Aldoc_4,VIa_M002_AGTTCGACACATTACG,4,Snhg11,109.6
Purkinje_Aldoc_4,VIa_M002_AGTTCGACACATTACG,5,Auts2,102.99
Purkinje_Aldoc_4,VIa_M002_AGTTCGACACATTACG,6,Itpr1,93.25
Purkinje_Aldoc_4,VIa_M002_AGTTCGACACATTACG,7,Cdh18,70.98
Purkinje_Aldoc_4,VIa_M002_AGTTCGACACATTACG,8,Meg3,66.11
Purkinje_Aldoc_4,VIa_M002_AGTTCGACACATTACG,9,Adgrb3,61.93
Purkinje_Aldoc_4,VIa_M002_AGTTCGACACATTACG,10,Prkg1,54.97
Purkinje_Aldoc_4,VIa_M002_AGTTCGACACATTACG,11,Magi2,48.36
Purkinje_Aldoc_4,VIa_M002_AGTTCGACACATTACG,12,Car8,44.19
Purkinje_Aldoc_4,VIa_M002_AGTTCGACACATTACG,13,Ntm,40.36
Purkinje_Aldoc_4,VIa_M002_AGTTCGACACATTACG,14,Dmd,39.66
Purkinje_Aldoc_4,VIa_M002_AGTTCGACACATTACG,15,Dlg2,38.97
Purkinje_Aldoc_4,VIa_M002_AGTTCGACACATTACG,16,Frmpd4,36.19
Purkinje_Aldoc_4,VIa_M002_AGTTCGACACATTACG,17,Cacna1a,32.36
Purkinje_Aldoc_4,VIa_M002_AGTTCGACACATTACG,18,Cntnap5b,31.66
Purkinje_Aldoc_4,VIa_M002_AGTTCGACACATTACG,19,Kcnma1,29.92
Purkinje_Aldoc_4,VIa_M002_AGTTCGACACATTACG,20,Gria2,29.92
Purkinje_Aldoc_4,VIa_M002_AGTTCGACACATTACG,21,Paxbp1,27.14
Purkinje_Aldoc_4,VIa_M002_AGTTCGACACATTACG,22,Frmd5,26.44
Purkinje_Aldoc_4,VIa_M002_AGTTCGACACATTACG,23,Dpp10,26.1
Purkinje_Aldoc_4,VIa_M002_AGTTCGACACATTACG,24,Dgkh,24.01
Purkinje_Aldoc_4,VIa_M002_AGTTCGACACATTACG,25,Fam155a,24.01
Purkinje_Aldoc_4,VIa_M002_CTATCTAGTATCGCGC,1,Malat1,2052.26
Purkinje_Aldoc_4,VIa_M002_CTATCTAGTATCGCGC,2,Grid2,554.23
Purkinje_Aldoc_4,VIa_M002_CTATCTAGTATCGCGC,3,Anks1b,204.44
Purkinje_Aldoc_4,VIa_M002_CTATCTAGTATCGCGC,4,Auts2,162.43
Purkinje_Aldoc_4,VIa_M002_CTATCTAGTATCGCGC,5,Prkg1,108.66
Purkinje_Aldoc_4,VIa_M002_CTATCTAGTATCGCGC,6,Itpr1,95.22
Purkinje_Aldoc_4,VIa_M002_CTATCTAGTATCGCGC,7,Snhg11,91.3
Purkinje_Aldoc_4,VIa_M002_CTATCTAGTATCGCGC,8,Adgrb3,76.74
Purkinje_Aldoc_4,VIa_M002_CTATCTAGTATCGCGC,9,Cdh18,66.37
Purkinje_Aldoc_4,VIa_M002_CTATCTAGTATCGCGC,10,Meg3,61.89
Purkinje_Aldoc_4,VIa_M002_CTATCTAGTATCGCGC,11,Magi2,57.13
Purkinje_Aldoc_4,VIa_M002_CTATCTAGTATCGCGC,12,Dlg2,52.93
Purkinje_Aldoc_4,VIa_M002_CTATCTAGTATCGCGC,13,Ntm,47.89
Purkinje_Aldoc_4,VIa_M002_CTATCTAGTATCGCGC,14,Kcnma1,46.21
Purkinje_Aldoc_4,VIa_M002_CTATCTAGTATCGCGC,15,Fgf14,43.69
Purkinje_Aldoc_4,VIa_M002_CTATCTAGTATCGCGC,16,Cacna1a,42.01
Purkinje_Aldoc_4,VIa_M002_CTATCTAGTATCGCGC,17,Car8,40.33
Purkinje_Aldoc_4,VIa_M002_CTATCTAGTATCGCGC,18,Dmd,38.37
Purkinje_Aldoc_4,VIa_M002_CTATCTAGTATCGCGC,19,Frmpd4,36.13
Purkinje_Aldoc_4,VIa_M002_CTATCTAGTATCGCGC,20,Pcdh9,36.13
Purkinje_Aldoc_4,VIa_M002_CTATCTAGTATCGCGC,21,Nrxn3,33.61
Purkinje_Aldoc_4,VIa_M002_CTATCTAGTATCGCGC,22,Kcnip1,31.93
Purkinje_Aldoc_4,VIa_M002_CTATCTAGTATCGCGC,23,Dpp10,31.93
Purkinje_Aldoc_4,VIa_M002_CTATCTAGTATCGCGC,24,Dab1,31.37
Purkinje_Aldoc_4,VIa_M002_CTATCTAGTATCGCGC,25,Large,30.53
Purkinje_Aldoc_4,AN1a_F002_TATATCCGTCTACGTA,1,Malat1,2019.98
Purkinje_Aldoc_4,AN1a_F002_TATATCCGTCTACGTA,2,Grid2,560.5
Purkinje_Aldoc_4,AN1a_F002_TATATCCGTCTACGTA,3,Anks1b,220.6
Purkinje_Aldoc_4,AN1a_F002_TATATCCGTCTACGTA,4,Prkg1,150.25
Purkinje_Aldoc_4,AN1a_F002_TATATCCGTCTACGTA,5,Auts2,111.14
Purkinje_Aldoc_4,AN1a_F002_TATATCCGTCTACGTA,6,Cdh18,97.07
Purkinje_Aldoc_4,AN1a_F002_TATATCCGTCTACGTA,7,Snhg11,79.35
Purkinje_Aldoc_4,AN1a_F002_TATATCCGTCTACGTA,8,Frmpd4,75.41
Purkinje_Aldoc_4,AN1a_F002_TATATCCGTCTACGTA,9,Adgrb3,75.13
Purkinje_Aldoc_4,AN1a_F002_TATATCCGTCTACGTA,10,Itpr1,73.72
Purkinje_Aldoc_4,AN1a_F002_TATATCCGTCTACGTA,11,Magi2,70.34
Purkinje_Aldoc_4,AN1a_F002_TATATCCGTCTACGTA,12,Dab1,53.74
Purkinje_Aldoc_4,AN1a_F002_TATATCCGTCTACGTA,13,Fgf14,50.93
Purkinje_Aldoc_4,AN1a_F002_TATATCCGTCTACGTA,14,Kcnma1,49.8
Purkinje_Aldoc_4,AN1a_F002_TATATCCGTCTACGTA,15,Ntm,48.4
Purkinje_Aldoc_4,AN1a_F002_TATATCCGTCTACGTA,16,Meg3,47.55
Purkinje_Aldoc_4,AN1a_F002_TATATCCGTCTACGTA,17,Dlg2,46.99
Purkinje_Aldoc_4,AN1a_F002_TATATCCGTCTACGTA,18,Cntnap5b,43.05
Purkinje_Aldoc_4,AN1a_F002_TATATCCGTCTACGTA,19,Dpp10,36.58
Purkinje_Aldoc_4,AN1a_F002_TATATCCGTCTACGTA,20,Nrxn3,35.45
Purkinje_Aldoc_4,AN1a_F002_TATATCCGTCTACGTA,21,Cacna1a,34.61
Purkinje_Aldoc_4,AN1a_F002_TATATCCGTCTACGTA,22,Grm1,34.05
Purkinje_Aldoc_4,AN1a_F002_TATATCCGTCTACGTA,23,Arhgap26,34.05
Purkinje_Aldoc_4,AN1a_F002_TATATCCGTCTACGTA,24,Pcdh9,34.05
Purkinje_Aldoc_4,AN1a_F002_TATATCCGTCTACGTA,25,Dmd,33.2
Purkinje_Aldoc_5,VIIIa_M001_CTAACCCTCTCTATGT,1,Malat1,2310.74
Purkinje_Aldoc_5,VIIIa_M001_CTAACCCTCTCTATGT,2,Grid2,494.13
Purkinje_Aldoc_5,VIIIa_M001_CTAACCCTCTCTATGT,3,Anks1b,210.52
Purkinje_Aldoc_5,VIIIa_M001_CTAACCCTCTCTATGT,4,Prkg1,114.24
Purkinje_Aldoc_5,VIIIa_M001_CTAACCCTCTCTATGT,5,Auts2,106.26
Purkinje_Aldoc_5,VIIIa_M001_CTAACCCTCTCTATGT,6,Cdh18,102.77
Purkinje_Aldoc_5,VIIIa_M001_CTAACCCTCTCTATGT,7,Itpr1,93.04
Purkinje_Aldoc_5,VIIIa_M001_CTAACCCTCTCTATGT,8,Snhg11,81.56
Purkinje_Aldoc_5,VIIIa_M001_CTAACCCTCTCTATGT,9,Meg3,76.33
Purkinje_Aldoc_5,VIIIa_M001_CTAACCCTCTCTATGT,10,Adgrb3,72.83
Purkinje_Aldoc_5,VIIIa_M001_CTAACCCTCTCTATGT,11,Dlg2,63.11
Purkinje_Aldoc_5,VIIIa_M001_CTAACCCTCTCTATGT,12,Frmpd4,62.11
Purkinje_Aldoc_5,VIIIa_M001_CTAACCCTCTCTATGT,13,Pcdh9,59.36
Purkinje_Aldoc_5,VIIIa_M001_CTAACCCTCTCTATGT,14,Magi2,45.9
Purkinje_Aldoc_5,VIIIa_M001_CTAACCCTCTCTATGT,15,Frmd4a,42.4
Purkinje_Aldoc_5,VIIIa_M001_CTAACCCTCTCTATGT,16,Kcnma1,40.41
Purkinje_Aldoc_5,VIIIa_M001_CTAACCCTCTCTATGT,17,Astn2,35.42
Purkinje_Aldoc_5,VIIIa_M001_CTAACCCTCTCTATGT,18,Etl4,33.42
Purkinje_Aldoc_5,VIIIa_M001_CTAACCCTCTCTATGT,19,Cacna1a,32.18
Purkinje_Aldoc_5,VIIIa_M001_CTAACCCTCTCTATGT,20,Dmd,31.93
Purkinje_Aldoc_5,VIIIa_M001_CTAACCCTCTCTATGT,21,Ntm,31.68
Purkinje_Aldoc_5,VIIIa_M001_CTAACCCTCTCTATGT,22,Cntnap5b,31.43
Purkinje_Aldoc_5,VIIIa_M001_CTAACCCTCTCTATGT,23,Dpp10,29.18
Purkinje_Aldoc_5,VIIIa_M001_CTAACCCTCTCTATGT,24,Fgf14,28.44
Purkinje_Aldoc_5,VIIIa_M001_CTAACCCTCTCTATGT,25,Grm1,27.69
Purkinje_Aldoc_5,IXb_F002_CCTCCAAGTGTCTTAG,1,Malat1,2568.14
Purkinje_Aldoc_5,IXb_F002_CCTCCAAGTGTCTTAG,2,Grid2,364.82
Purkinje_Aldoc_5,IXb_F002_CCTCCAAGTGTCTTAG,3,Anks1b,177.28
Purkinje_Aldoc_5,IXb_F002_CCTCCAAGTGTCTTAG,4,Prkg1,106.29
Purkinje_Aldoc_5,IXb_F002_CCTCCAAGTGTCTTAG,5,Snhg11,93.01
Purkinje_Aldoc_5,IXb_F002_CCTCCAAGTGTCTTAG,6,Auts2,83.52
Purkinje_Aldoc_5,IXb_F002_CCTCCAAGTGTCTTAG,7,Itpr1,77.44
Purkinje_Aldoc_5,IXb_F002_CCTCCAAGTGTCTTAG,8,Cdh18,75.17
Purkinje_Aldoc_5,IXb_F002_CCTCCAAGTGTCTTAG,9,Meg3,69.85
Purkinje_Aldoc_5,IXb_F002_CCTCCAAGTGTCTTAG,10,Adgrb3,68.33
Purkinje_Aldoc_5,IXb_F002_CCTCCAAGTGTCTTAG,11,Magi2,63.4
Purkinje_Aldoc_5,IXb_F002_CCTCCAAGTGTCTTAG,12,Dlg2,44.42
Purkinje_Aldoc_5,IXb_F002_CCTCCAAGTGTCTTAG,13,Nrxn3,41.38
Purkinje_Aldoc_5,IXb_F002_CCTCCAAGTGTCTTAG,14,Dpp10,37.96
Purkinje_Aldoc_5,IXb_F002_CCTCCAAGTGTCTTAG,15,Ntm,37.2
Purkinje_Aldoc_5,IXb_F002_CCTCCAAGTGTCTTAG,16,Frmpd4,31.51
Purkinje_Aldoc_5,IXb_F002_CCTCCAAGTGTCTTAG,17,Pcdh9,31.13
Purkinje_Aldoc_5,IXb_F002_CCTCCAAGTGTCTTAG,18,Kcnma1,30.37
Purkinje_Aldoc_5,IXb_F002_CCTCCAAGTGTCTTAG,19,Frmd4a,28.85
Purkinje_Aldoc_5,IXb_F002_CCTCCAAGTGTCTTAG,20,Fam155a,28.85
Purkinje_Aldoc_5,IXb_F002_CCTCCAAGTGTCTTAG,21,Fgf14,26.57
Purkinje_Aldoc_5,IXb_F002_CCTCCAAGTGTCTTAG,22,Cacna1a,26.57
Purkinje_Aldoc_5,IXb_F002_CCTCCAAGTGTCTTAG,23,Dmd,26.19
Purkinje_Aldoc_5,IXb_F002_CCTCCAAGTGTCTTAG,24,Garnl3,23.16
Purkinje_Aldoc_5,IXb_F002_CCTCCAAGTGTCTTAG,25,Mtss1,20.5
Purkinje_Aldoc_5,VIIId_F002_ACGTTCCGTTCTTCAT,1,Malat1,2608.33
Purkinje_Aldoc_5,VIIId_F002_ACGTTCCGTTCTTCAT,2,Grid2,395.33
Purkinje_Aldoc_5,VIIId_F002_ACGTTCCGTTCTTCAT,3,Anks1b,192.24
Purkinje_Aldoc_5,VIIId_F002_ACGTTCCGTTCTTCAT,4,Prkg1,129.18
Purkinje_Aldoc_5,VIIId_F002_ACGTTCCGTTCTTCAT,5,Snhg11,108.84
Purkinje_Aldoc_5,VIIId_F002_ACGTTCCGTTCTTCAT,6,Auts2,85.78
Purkinje_Aldoc_5,VIIId_F002_ACGTTCCGTTCTTCAT,7,Itpr1,82.73
Purkinje_Aldoc_5,VIIId_F002_ACGTTCCGTTCTTCAT,8,Cdh18,74.93
Purkinje_Aldoc_5,VIIId_F002_ACGTTCCGTTCTTCAT,9,Adgrb3,74.25
Purkinje_Aldoc_5,VIIId_F002_ACGTTCCGTTCTTCAT,10,Meg3,50.86
Purkinje_Aldoc_5,VIIId_F002_ACGTTCCGTTCTTCAT,11,Dlg2,45.43
Purkinje_Aldoc_5,VIIId_F002_ACGTTCCGTTCTTCAT,12,Magi2,44.75
Purkinje_Aldoc_5,VIIId_F002_ACGTTCCGTTCTTCAT,13,Frmpd4,44.08
Purkinje_Aldoc_5,VIIId_F002_ACGTTCCGTTCTTCAT,14,Frmd4a,36.96
Purkinje_Aldoc_5,VIIId_F002_ACGTTCCGTTCTTCAT,15,Cacna1a,34.58
Purkinje_Aldoc_5,VIIId_F002_ACGTTCCGTTCTTCAT,16,Ntm,32.21
Purkinje_Aldoc_5,VIIId_F002_ACGTTCCGTTCTTCAT,17,Car8,30.51
Purkinje_Aldoc_5,VIIId_F002_ACGTTCCGTTCTTCAT,18,Dmd,29.16
Purkinje_Aldoc_5,VIIId_F002_ACGTTCCGTTCTTCAT,19,Kcnma1,28.48
Purkinje_Aldoc_5,VIIId_F002_ACGTTCCGTTCTTCAT,20,Dpp10,27.46
Purkinje_Aldoc_5,VIIId_F002_ACGTTCCGTTCTTCAT,21,Arhgap26,25.77
Purkinje_Aldoc_5,VIIId_F002_ACGTTCCGTTCTTCAT,22,Fam155a,24.75
Purkinje_Aldoc_5,VIIId_F002_ACGTTCCGTTCTTCAT,23,Large,24.75
Purkinje_Aldoc_5,VIIId_F002_ACGTTCCGTTCTTCAT,24,Cntnap5b,23.39
Purkinje_Aldoc_5,VIIId_F002_ACGTTCCGTTCTTCAT,25,Astn2,22.04
Purkinje_Aldoc_5,IXc_F002_TTCTTGACAGTACTAC,1,Malat1,2111.58
Purkinje_Aldoc_5,IXc_F002_TTCTTGACAGTACTAC,2,Grid2,439.16
Purkinje_Aldoc_5,IXc_F002_TTCTTGACAGTACTAC,3,Anks1b,182.39
Purkinje_Aldoc_5,IXc_F002_TTCTTGACAGTACTAC,4,Prkg1,147.67
Purkinje_Aldoc_5,IXc_F002_TTCTTGACAGTACTAC,5,Adgrb3,96.88
Purkinje_Aldoc_5,IXc_F002_TTCTTGACAGTACTAC,6,Auts2,91.95
Purkinje_Aldoc_5,IXc_F002_TTCTTGACAGTACTAC,7,Itpr1,89.38
Purkinje_Aldoc_5,IXc_F002_TTCTTGACAGTACTAC,8,Magi2,74.8
Purkinje_Aldoc_5,IXc_F002_TTCTTGACAGTACTAC,9,Frmpd4,69.87
Purkinje_Aldoc_5,IXc_F002_TTCTTGACAGTACTAC,10,Cdh18,67.94
Purkinje_Aldoc_5,IXc_F002_TTCTTGACAGTACTAC,11,Snhg11,67.51
Purkinje_Aldoc_5,IXc_F002_TTCTTGACAGTACTAC,12,Dlg2,56.8
Purkinje_Aldoc_5,IXc_F002_TTCTTGACAGTACTAC,13,Meg3,52.51
Purkinje_Aldoc_5,IXc_F002_TTCTTGACAGTACTAC,14,Dpp10,51.44
Purkinje_Aldoc_5,IXc_F002_TTCTTGACAGTACTAC,15,Frmd4a,43.94
Purkinje_Aldoc_5,IXc_F002_TTCTTGACAGTACTAC,16,Pcdh9,42.87
Purkinje_Aldoc_5,IXc_F002_TTCTTGACAGTACTAC,17,Cntnap5b,40.29
Purkinje_Aldoc_5,IXc_F002_TTCTTGACAGTACTAC,18,Dmd,37.08
Purkinje_Aldoc_5,IXc_F002_TTCTTGACAGTACTAC,19,Kcnma1,36.44
Purkinje_Aldoc_5,IXc_F002_TTCTTGACAGTACTAC,20,Nrxn3,33.86
Purkinje_Aldoc_5,IXc_F002_TTCTTGACAGTACTAC,21,Ntm,33.86
Purkinje_Aldoc_5,IXc_F002_TTCTTGACAGTACTAC,22,Cacna1a,33.65
Purkinje_Aldoc_5,IXc_F002_TTCTTGACAGTACTAC,23,Fgf14,32.15
Purkinje_Aldoc_5,IXc_F002_TTCTTGACAGTACTAC,24,Dab1,31.29
Purkinje_Aldoc_5,IXc_F002_TTCTTGACAGTACTAC,25,Garnl3,31.08
Purkinje_Aldoc_5,IXa_M003_GATCAGTAGAGTCGAC,1,Malat1,2673.86
Purkinje_Aldoc_5,IXa_M003_GATCAGTAGAGTCGAC,2,Grid2,416.0
Purkinje_Aldoc_5,IXa_M003_GATCAGTAGAGTCGAC,3,Anks1b,120.46
Purkinje_Aldoc_5,IXa_M003_GATCAGTAGAGTCGAC,4,Auts2,97.35
Purkinje_Aldoc_5,IXa_M003_GATCAGTAGAGTCGAC,5,Snhg11,95.95
Purkinje_Aldoc_5,IXa_M003_GATCAGTAGAGTCGAC,6,Cdh18,74.23
Purkinje_Aldoc_5,IXa_M003_GATCAGTAGAGTCGAC,7,Adgrb3,72.13
Purkinje_Aldoc_5,IXa_M003_GATCAGTAGAGTCGAC,8,Prkg1,71.43
Purkinje_Aldoc_5,IXa_M003_GATCAGTAGAGTCGAC,9,Itpr1,70.73
Purkinje_Aldoc_5,IXa_M003_GATCAGTAGAGTCGAC,10,Magi2,61.63
Purkinje_Aldoc_5,IXa_M003_GATCAGTAGAGTCGAC,11,Meg3,60.23
Purkinje_Aldoc_5,IXa_M003_GATCAGTAGAGTCGAC,12,Cacna1a,51.12
Purkinje_Aldoc_5,IXa_M003_GATCAGTAGAGTCGAC,13,Frmpd4,47.62
Purkinje_Aldoc_5,IXa_M003_GATCAGTAGAGTCGAC,14,Fgf14,43.42
Purkinje_Aldoc_5,IXa_M003_GATCAGTAGAGTCGAC,15,Astn2,39.22
Purkinje_Aldoc_5,IXa_M003_GATCAGTAGAGTCGAC,16,Pcdh9,37.82
Purkinje_Aldoc_5,IXa_M003_GATCAGTAGAGTCGAC,17,Nrxn3,37.12
Purkinje_Aldoc_5,IXa_M003_GATCAGTAGAGTCGAC,18,Ntm,35.72
Purkinje_Aldoc_5,IXa_M003_GATCAGTAGAGTCGAC,19,Dmd,32.92
Purkinje_Aldoc_5,IXa_M003_GATCAGTAGAGTCGAC,20,Car8,32.22
Purkinje_Aldoc_5,IXa_M003_GATCAGTAGAGTCGAC,21,Ebf1,27.31
Purkinje_Aldoc_5,IXa_M003_GATCAGTAGAGTCGAC,22,Dlg2,26.61
Purkinje_Aldoc_5,IXa_M003_GATCAGTAGAGTCGAC,23,Grm1,25.21
Purkinje_Aldoc_5,IXa_M003_GATCAGTAGAGTCGAC,24,Arhgap26,25.21
Purkinje_Aldoc_5,IXa_M003_GATCAGTAGAGTCGAC,25,Grip1,25.21
Purkinje_Aldoc_6,AN1c_F002_GTTATGGTCCTCTAAT,1,Malat1,1840.37
Purkinje_Aldoc_6,AN1c_F002_GTTATGGTCCTCTAAT,2,Grid2,541.32
Purkinje_Aldoc_6,AN1c_F002_GTTATGGTCCTCTAAT,3,Anks1b,210.15
Purkinje_Aldoc_6,AN1c_F002_GTTATGGTCCTCTAAT,4,Prkg1,133.27
Purkinje_Aldoc_6,AN1c_F002_GTTATGGTCCTCTAAT,5,Auts2,131.27
Purkinje_Aldoc_6,AN1c_F002_GTTATGGTCCTCTAAT,6,Itpr1,106.78
Purkinje_Aldoc_6,AN1c_F002_GTTATGGTCCTCTAAT,7,Adgrb3,100.52
Purkinje_Aldoc_6,AN1c_F002_GTTATGGTCCTCTAAT,8,Cdh18,76.6
Purkinje_Aldoc_6,AN1c_F002_GTTATGGTCCTCTAAT,9,Snhg11,74.89
Purkinje_Aldoc_6,AN1c_F002_GTTATGGTCCTCTAAT,10,Meg3,60.94
Purkinje_Aldoc_6,AN1c_F002_GTTATGGTCCTCTAAT,11,Dlg2,58.94
Purkinje_Aldoc_6,AN1c_F002_GTTATGGTCCTCTAAT,12,Frmpd4,52.96
Purkinje_Aldoc_6,AN1c_F002_GTTATGGTCCTCTAAT,13,Magi2,52.39
Purkinje_Aldoc_6,AN1c_F002_GTTATGGTCCTCTAAT,14,Dab1,51.26
Purkinje_Aldoc_6,AN1c_F002_GTTATGGTCCTCTAAT,15,Kcnma1,50.69
Purkinje_Aldoc_6,AN1c_F002_GTTATGGTCCTCTAAT,16,Ntm,42.14
Purkinje_Aldoc_6,AN1c_F002_GTTATGGTCCTCTAAT,17,Dmd,41.0
Purkinje_Aldoc_6,AN1c_F002_GTTATGGTCCTCTAAT,18,Fgf14,40.72
Purkinje_Aldoc_6,AN1c_F002_GTTATGGTCCTCTAAT,19,Grm1,39.87
Purkinje_Aldoc_6,AN1c_F002_GTTATGGTCCTCTAAT,20,Cntnap5b,37.59
Purkinje_Aldoc_6,AN1c_F002_GTTATGGTCCTCTAAT,21,Arhgap26,36.73
Purkinje_Aldoc_6,AN1c_F002_GTTATGGTCCTCTAAT,22,Etl4,36.73
Purkinje_Aldoc_6,AN1c_F002_GTTATGGTCCTCTAAT,23,Cacna1a,34.74
Purkinje_Aldoc_6,AN1c_F002_GTTATGGTCCTCTAAT,24,Dpp10,34.46
Purkinje_Aldoc_6,AN1c_F002_GTTATGGTCCTCTAAT,25,Celf2,30.18
Purkinje_Aldoc_6,AN1b_M006_AAGCGTTCATTGACTG,1,Malat1,2169.98
Purkinje_Aldoc_6,AN1b_M006_AAGCGTTCATTGACTG,2,Grid2,491.34
Purkinje_Aldoc_6,AN1b_M006_AAGCGTTCATTGACTG,3,Anks1b,176.4
Purkinje_Aldoc_6,AN1b_M006_AAGCGTTCATTGACTG,4,Prkg1,103.91
Purkinje_Aldoc_6,AN1b_M006_AAGCGTTCATTGACTG,5,Auts2,101.35
Purkinje_Aldoc_6,AN1b_M006_AAGCGTTCATTGACTG,6,Adgrb3,83.39
Purkinje_Aldoc_6,AN1b_M006_AAGCGTTCATTGACTG,7,Snhg11,79.54
Purkinje_Aldoc_6,AN1b_M006_AAGCGTTCATTGACTG,8,Itpr1,75.69
Purkinje_Aldoc_6,AN1b_M006_AAGCGTTCATTGACTG,9,Cdh18,69.28
Purkinje_Aldoc_6,AN1b_M006_AAGCGTTCATTGACTG,10,Frmpd4,62.86
Purkinje_Aldoc_6,AN1b_M006_AAGCGTTCATTGACTG,11,Meg3,61.58
Purkinje_Aldoc_6,AN1b_M006_AAGCGTTCATTGACTG,12,Magi2,60.94
Purkinje_Aldoc_6,AN1b_M006_AAGCGTTCATTGACTG,13,Dlg2,51.96
Purkinje_Aldoc_6,AN1b_M006_AAGCGTTCATTGACTG,14,Dmd,39.77
Purkinje_Aldoc_6,AN1b_M006_AAGCGTTCATTGACTG,15,Ebf1,39.77
Purkinje_Aldoc_6,AN1b_M006_AAGCGTTCATTGACTG,16,Ntm,38.49
Purkinje_Aldoc_6,AN1b_M006_AAGCGTTCATTGACTG,17,Nrxn3,38.49
Purkinje_Aldoc_6,AN1b_M006_AAGCGTTCATTGACTG,18,Kcnma1,37.2
Purkinje_Aldoc_6,AN1b_M006_AAGCGTTCATTGACTG,19,Astn2,34.64
Purkinje_Aldoc_6,AN1b_M006_AAGCGTTCATTGACTG,20,Fgf14,34.64
Purkinje_Aldoc_6,AN1b_M006_AAGCGTTCATTGACTG,21,Cacna1a,32.71
Purkinje_Aldoc_6,AN1b_M006_AAGCGTTCATTGACTG,22,Car8,30.15
Purkinje_Aldoc_6,AN1b_M006_AAGCGTTCATTGACTG,23,Dab1,28.86
Purkinje_Aldoc_6,AN1b_M006_AAGCGTTCATTGACTG,24,Dpp10,26.3
Purkinje_Aldoc_6,AN1b_M006_AAGCGTTCATTGACTG,25,Grm7,24.37
Purkinje_Aldoc_6,AN1c_F002_AACCCAAGTTGGGATG,1,Malat1,2020.68
Purkinje_Aldoc_6,AN1c_F002_AACCCAAGTTGGGATG,2,Grid2,483.28
Purkinje_Aldoc_6,AN1c_F002_AACCCAAGTTGGGATG,3,Anks1b,210.33
Purkinje_Aldoc_6,AN1c_F002_AACCCAAGTTGGGATG,4,Prkg1,132.95
Purkinje_Aldoc_6,AN1c_F002_AACCCAAGTTGGGATG,5,Auts2,100.24
Purkinje_Aldoc_6,AN1c_F002_AACCCAAGTTGGGATG,6,Itpr1,90.39
Purkinje_Aldoc_6,AN1c_F002_AACCCAAGTTGGGATG,7,Adgrb3,81.6
Purkinje_Aldoc_6,AN1c_F002_AACCCAAGTTGGGATG,8,Snhg11,79.14
Purkinje_Aldoc_6,AN1c_F002_AACCCAAGTTGGGATG,9,Magi2,67.53
Purkinje_Aldoc_6,AN1c_F002_AACCCAAGTTGGGATG,10,Dlg2,66.83
Purkinje_Aldoc_6,AN1c_F002_AACCCAAGTTGGGATG,11,Cdh18,62.96
Purkinje_Aldoc_6,AN1c_F002_AACCCAAGTTGGGATG,12,Frmpd4,46.78
Purkinje_Aldoc_6,AN1c_F002_AACCCAAGTTGGGATG,13,Dmd,43.26
Purkinje_Aldoc_6,AN1c_F002_AACCCAAGTTGGGATG,14,Ntm,41.5
Purkinje_Aldoc_6,AN1c_F002_AACCCAAGTTGGGATG,15,Meg3,39.39
Purkinje_Aldoc_6,AN1c_F002_AACCCAAGTTGGGATG,16,Cntnap5b,39.04
Purkinje_Aldoc_6,AN1c_F002_AACCCAAGTTGGGATG,17,Kcnma1,35.52
Purkinje_Aldoc_6,AN1c_F002_AACCCAAGTTGGGATG,18,Dpp10,34.82
Purkinje_Aldoc_6,AN1c_F002_AACCCAAGTTGGGATG,19,Fgf14,34.47
Purkinje_Aldoc_6,AN1c_F002_AACCCAAGTTGGGATG,20,Arhgap26,31.66
Purkinje_Aldoc_6,AN1c_F002_AACCCAAGTTGGGATG,21,Car8,30.25
Purkinje_Aldoc_6,AN1c_F002_AACCCAAGTTGGGATG,22,Frmd4a,30.25
Purkinje_Aldoc_6,AN1c_F002_AACCCAAGTTGGGATG,23,Cacna1a,30.25
Purkinje_Aldoc_6,AN1c_F002_AACCCAAGTTGGGATG,24,Fam155a,27.79
Purkinje_Aldoc_6,AN1c_F002_AACCCAAGTTGGGATG,25,Pcdh9,27.79
Purkinje_Aldoc_6,AN1b_F002_GAGGCAAGTGTACAGG,1,Malat1,2020.41
Purkinje_Aldoc_6,AN1b_F002_GAGGCAAGTGTACAGG,2,Grid2,559.99
Purkinje_Aldoc_6,AN1b_F002_GAGGCAAGTGTACAGG,3,Anks1b,179.33
Purkinje_Aldoc_6,AN1b_F002_GAGGCAAGTGTACAGG,4,Prkg1,125.94
Purkinje_Aldoc_6,AN1b_F002_GAGGCAAGTGTACAGG,5,Auts2,111.49
Purkinje_Aldoc_6,AN1b_F002_GAGGCAAGTGTACAGG,6,Itpr1,94.54
Purkinje_Aldoc_6,AN1b_F002_GAGGCAAGTGTACAGG,7,Adgrb3,83.54
Purkinje_Aldoc_6,AN1b_F002_GAGGCAAGTGTACAGG,8,Cdh18,77.26
Purkinje_Aldoc_6,AN1b_F002_GAGGCAAGTGTACAGG,9,Snhg11,67.84
Purkinje_Aldoc_6,AN1b_F002_GAGGCAAGTGTACAGG,10,Magi2,64.07
Purkinje_Aldoc_6,AN1b_F002_GAGGCAAGTGTACAGG,11,Kcnma1,59.05
Purkinje_Aldoc_6,AN1b_F002_GAGGCAAGTGTACAGG,12,Dlg2,55.9
Purkinje_Aldoc_6,AN1b_F002_GAGGCAAGTGTACAGG,13,Dpp10,48.37
Purkinje_Aldoc_6,AN1b_F002_GAGGCAAGTGTACAGG,14,Frmpd4,48.37
Purkinje_Aldoc_6,AN1b_F002_GAGGCAAGTGTACAGG,15,Garnl3,40.83
Purkinje_Aldoc_6,AN1b_F002_GAGGCAAGTGTACAGG,16,Ntm,37.06
Purkinje_Aldoc_6,AN1b_F002_GAGGCAAGTGTACAGG,17,Meg3,36.43
Purkinje_Aldoc_6,AN1b_F002_GAGGCAAGTGTACAGG,18,Cacna1a,34.86
Purkinje_Aldoc_6,AN1b_F002_GAGGCAAGTGTACAGG,19,Cntnap5b,33.29
Purkinje_Aldoc_6,AN1b_F002_GAGGCAAGTGTACAGG,20,Fgf14,31.09
Purkinje_Aldoc_6,AN1b_F002_GAGGCAAGTGTACAGG,21,Dmd,29.52
Purkinje_Aldoc_6,AN1b_F002_GAGGCAAGTGTACAGG,22,Dab1,28.58
Purkinje_Aldoc_6,AN1b_F002_GAGGCAAGTGTACAGG,23,Pcp2,27.95
Purkinje_Aldoc_6,AN1b_F002_GAGGCAAGTGTACAGG,24,Ptchd4,25.75
Purkinje_Aldoc_6,AN1b_F002_GAGGCAAGTGTACAGG,25,Nrxn3,24.81
Purkinje_Aldoc_6,AN1a_F002_CGGCAGTCACACACGC,1,Malat1,1886.41
Purkinje_Aldoc_6,AN1a_F002_CGGCAGTCACACACGC,2,Grid2,645.05
Purkinje_Aldoc_6,AN1a_F002_CGGCAGTCACACACGC,3,Anks1b,193.69
Purkinje_Aldoc_6,AN1a_F002_CGGCAGTCACACACGC,4,Auts2,117.17
Purkinje_Aldoc_6,AN1a_F002_CGGCAGTCACACACGC,5,Itpr1,108.21
Purkinje_Aldoc_6,AN1a_F002_CGGCAGTCACACACGC,6,Prkg1,105.81
Purkinje_Aldoc_6,AN1a_F002_CGGCAGTCACACACGC,7,Cdh18,105.22
Purkinje_Aldoc_6,AN1a_F002_CGGCAGTCACACACGC,8,Adgrb3,103.72
Purkinje_Aldoc_6,AN1a_F002_CGGCAGTCACACACGC,9,Magi2,77.12
Purkinje_Aldoc_6,AN1a_F002_CGGCAGTCACACACGC,10,Snhg11,64.86
Purkinje_Aldoc_6,AN1a_F002_CGGCAGTCACACACGC,11,Frmpd4,63.97
Purkinje_Aldoc_6,AN1a_F002_CGGCAGTCACACACGC,12,Meg3,56.49
Purkinje_Aldoc_6,AN1a_F002_CGGCAGTCACACACGC,13,Dlg2,45.43
Purkinje_Aldoc_6,AN1a_F002_CGGCAGTCACACACGC,14,Cntnap5b,44.24
Purkinje_Aldoc_6,AN1a_F002_CGGCAGTCACACACGC,15,Ntm,43.34
Purkinje_Aldoc_6,AN1a_F002_CGGCAGTCACACACGC,16,Dpp10,40.65
Purkinje_Aldoc_6,AN1a_F002_CGGCAGTCACACACGC,17,Grm1,40.35
Purkinje_Aldoc_6,AN1a_F002_CGGCAGTCACACACGC,18,Cacna1a,38.26
Purkinje_Aldoc_6,AN1a_F002_CGGCAGTCACACACGC,19,Mdga2,37.96
Purkinje_Aldoc_6,AN1a_F002_CGGCAGTCACACACGC,20,Dab1,37.06
Purkinje_Aldoc_6,AN1a_F002_CGGCAGTCACACACGC,21,Kcnma1,36.17
Purkinje_Aldoc_6,AN1a_F002_CGGCAGTCACACACGC,22,Fgf14,35.57
Purkinje_Aldoc_6,AN1a_F002_CGGCAGTCACACACGC,23,Nrxn3,32.88
Purkinje_Aldoc_6,AN1a_F002_CGGCAGTCACACACGC,24,Grm7,32.58
Purkinje_Aldoc_6,AN1a_F002_CGGCAGTCACACACGC,25,Gria2,31.68
Purkinje_Aldoc_7,Xa_F001_AACCTTTCAGCATTGT,1,Malat1,2562.01
Purkinje_Aldoc_7,Xa_F001_AACCTTTCAGCATTGT,2,Grid2,326.4
Purkinje_Aldoc_7,Xa_F001_AACCTTTCAGCATTGT,3,Prkg1,169.65
Purkinje_Aldoc_7,Xa_F001_AACCTTTCAGCATTGT,4,Anks1b,162.96
Purkinje_Aldoc_7,Xa_F001_AACCTTTCAGCATTGT,5,Itpr1,97.49
Purkinje_Aldoc_7,Xa_F001_AACCTTTCAGCATTGT,6,Auts2,91.76
Purkinje_Aldoc_7,Xa_F001_AACCTTTCAGCATTGT,7,Snhg11,86.5
Purkinje_Aldoc_7,Xa_F001_AACCTTTCAGCATTGT,8,Adgrb3,81.24
Purkinje_Aldoc_7,Xa_F001_AACCTTTCAGCATTGT,9,Magi2,76.94
Purkinje_Aldoc_7,Xa_F001_AACCTTTCAGCATTGT,10,Cdh18,71.21
Purkinje_Aldoc_7,Xa_F001_AACCTTTCAGCATTGT,11,Frmpd4,69.3
Purkinje_Aldoc_7,Xa_F001_AACCTTTCAGCATTGT,12,Kcnma1,49.7
Purkinje_Aldoc_7,Xa_F001_AACCTTTCAGCATTGT,13,Frmd4a,49.7
Purkinje_Aldoc_7,Xa_F001_AACCTTTCAGCATTGT,14,Pcdh9,45.4
Purkinje_Aldoc_7,Xa_F001_AACCTTTCAGCATTGT,15,Ntm,42.05
Purkinje_Aldoc_7,Xa_F001_AACCTTTCAGCATTGT,16,Meg3,39.67
Purkinje_Aldoc_7,Xa_F001_AACCTTTCAGCATTGT,17,Dlg2,38.23
Purkinje_Aldoc_7,Xa_F001_AACCTTTCAGCATTGT,18,Cacna1a,38.23
Purkinje_Aldoc_7,Xa_F001_AACCTTTCAGCATTGT,19,Cntnap5b,36.32
Purkinje_Aldoc_7,Xa_F001_AACCTTTCAGCATTGT,20,Dmd,32.02
Purkinje_Aldoc_7,Xa_F001_AACCTTTCAGCATTGT,21,Fgf14,31.06
Purkinje_Aldoc_7,Xa_F001_AACCTTTCAGCATTGT,22,Dpp10,31.06
Purkinje_Aldoc_7,Xa_F001_AACCTTTCAGCATTGT,23,Fam155a,30.59
Purkinje_Aldoc_7,Xa_F001_AACCTTTCAGCATTGT,24,Nrxn3,29.63
Purkinje_Aldoc_7,Xa_F001_AACCTTTCAGCATTGT,25,Kcnip1,26.76
Purkinje_Aldoc_7,Xa_F001_GACCCAGGTCGAATTC,1,Malat1,2478.74
Purkinje_Aldoc_7,Xa_F001_GACCCAGGTCGAATTC,2,Grid2,369.19
Purkinje_Aldoc_7,Xa_F001_GACCCAGGTCGAATTC,3,Anks1b,126.11
Purkinje_Aldoc_7,Xa_F001_GACCCAGGTCGAATTC,4,Itpr1,118.69
Purkinje_Aldoc_7,Xa_F001_GACCCAGGTCGAATTC,5,Prkg1,103.28
Purkinje_Aldoc_7,Xa_F001_GACCCAGGTCGAATTC,6,Snhg11,91.3
Purkinje_Aldoc_7,Xa_F001_GACCCAGGTCGAATTC,7,Adgrb3,78.17
Purkinje_Aldoc_7,Xa_F001_GACCCAGGTCGAATTC,8,Auts2,70.19
Purkinje_Aldoc_7,Xa_F001_GACCCAGGTCGAATTC,9,Cdh18,63.91
Purkinje_Aldoc_7,Xa_F001_GACCCAGGTCGAATTC,10,Frmpd4,56.49
Purkinje_Aldoc_7,Xa_F001_GACCCAGGTCGAATTC,11,Pcdh9,51.36
Purkinje_Aldoc_7,Xa_F001_GACCCAGGTCGAATTC,12,Frmd4a,51.36
Purkinje_Aldoc_7,Xa_F001_GACCCAGGTCGAATTC,13,Nrxn3,50.78
Purkinje_Aldoc_7,Xa_F001_GACCCAGGTCGAATTC,14,Fgf14,46.79
Purkinje_Aldoc_7,Xa_F001_GACCCAGGTCGAATTC,15,Tenm2,44.51
Purkinje_Aldoc_7,Xa_F001_GACCCAGGTCGAATTC,16,Magi2,42.8
Purkinje_Aldoc_7,Xa_F001_GACCCAGGTCGAATTC,17,Dlg2,42.23
Purkinje_Aldoc_7,Xa_F001_GACCCAGGTCGAATTC,18,Kcnma1,39.37
Purkinje_Aldoc_7,Xa_F001_GACCCAGGTCGAATTC,19,Meg3,37.66
Purkinje_Aldoc_7,Xa_F001_GACCCAGGTCGAATTC,20,Cacna1a,36.52
Purkinje_Aldoc_7,Xa_F001_GACCCAGGTCGAATTC,21,Dmd,36.52
Purkinje_Aldoc_7,Xa_F001_GACCCAGGTCGAATTC,22,Mdga2,34.24
Purkinje_Aldoc_7,Xa_F001_GACCCAGGTCGAATTC,23,Ntm,33.1
Purkinje_Aldoc_7,Xa_F001_GACCCAGGTCGAATTC,24,Dab1,33.1
Purkinje_Aldoc_7,Xa_F001_GACCCAGGTCGAATTC,25,Dpp10,30.81
Purkinje_Aldoc_7,Xa_F001_ACAAGCTCAGCCGGTT,1,Malat1,3031.66
Purkinje_Aldoc_7,Xa_F001_ACAAGCTCAGCCGGTT,2,Grid2,298.9
Purkinje_Aldoc_7,Xa_F001_ACAAGCTCAGCCGGTT,3,Prkg1,120.74
Purkinje_Aldoc_7,Xa_F001_ACAAGCTCAGCCGGTT,4,Anks1b,119.26
Purkinje_Aldoc_7,Xa_F001_ACAAGCTCAGCCGGTT,5,Snhg11,93.74
Purkinje_Aldoc_7,Xa_F001_ACAAGCTCAGCCGGTT,6,Itpr1,87.36
Purkinje_Aldoc_7,Xa_F001_ACAAGCTCAGCCGGTT,7,Cdh18,78.53
Purkinje_Aldoc_7,Xa_F001_ACAAGCTCAGCCGGTT,8,Frmpd4,68.71
Purkinje_Aldoc_7,Xa_F001_ACAAGCTCAGCCGGTT,9,Adgrb3,67.24
Purkinje_Aldoc_7,Xa_F001_ACAAGCTCAGCCGGTT,10,Auts2,61.84
Purkinje_Aldoc_7,Xa_F001_ACAAGCTCAGCCGGTT,11,Meg3,44.17
Purkinje_Aldoc_7,Xa_F001_ACAAGCTCAGCCGGTT,12,Cntnap5b,43.19
Purkinje_Aldoc_7,Xa_F001_ACAAGCTCAGCCGGTT,13,Frmd4a,40.74
Purkinje_Aldoc_7,Xa_F001_ACAAGCTCAGCCGGTT,14,Pcdh9,39.26
Purkinje_Aldoc_7,Xa_F001_ACAAGCTCAGCCGGTT,15,Ntm,36.81
Purkinje_Aldoc_7,Xa_F001_ACAAGCTCAGCCGGTT,16,Kcnma1,33.87
Purkinje_Aldoc_7,Xa_F001_ACAAGCTCAGCCGGTT,17,Dmd,32.88
Purkinje_Aldoc_7,Xa_F001_ACAAGCTCAGCCGGTT,18,Etl4,30.92
Purkinje_Aldoc_7,Xa_F001_ACAAGCTCAGCCGGTT,19,Nrxn3,30.92
Purkinje_Aldoc_7,Xa_F001_ACAAGCTCAGCCGGTT,20,Gria2,30.43
Purkinje_Aldoc_7,Xa_F001_ACAAGCTCAGCCGGTT,21,Mdga2,28.47
Purkinje_Aldoc_7,Xa_F001_ACAAGCTCAGCCGGTT,22,Cacna1a,27.98
Purkinje_Aldoc_7,Xa_F001_ACAAGCTCAGCCGGTT,23,Magi2,26.5
Purkinje_Aldoc_7,Xa_F001_ACAAGCTCAGCCGGTT,24,Erc2,26.01
Purkinje_Aldoc_7,Xa_F001_ACAAGCTCAGCCGGTT,25,Dpp10,26.01
Purkinje_Aldoc_7,Xa_F001_TCCGTGTCAACACGAG,1,Malat1,2882.74
Purkinje_Aldoc_7,Xa_F001_TCCGTGTCAACACGAG,2,Grid2,259.6
Purkinje_Aldoc_7,Xa_F001_TCCGTGTCAACACGAG,3,Anks1b,135.65
Purkinje_Aldoc_7,Xa_F001_TCCGTGTCAACACGAG,4,Prkg1,119.74
Purkinje_Aldoc_7,Xa_F001_TCCGTGTCAACACGAG,5,Snhg11,110.39
Purkinje_Aldoc_7,Xa_F001_TCCGTGTCAACACGAG,6,Meg3,77.18
Purkinje_Aldoc_7,Xa_F001_TCCGTGTCAACACGAG,7,Auts2,69.23
Purkinje_Aldoc_7,Xa_F001_TCCGTGTCAACACGAG,8,Itpr1,64.08
Purkinje_Aldoc_7,Xa_F001_TCCGTGTCAACACGAG,9,Frmpd4,63.61
Purkinje_Aldoc_7,Xa_F001_TCCGTGTCAACACGAG,10,Adgrb3,61.74
Purkinje_Aldoc_7,Xa_F001_TCCGTGTCAACACGAG,11,Dlg2,43.03
Purkinje_Aldoc_7,Xa_F001_TCCGTGTCAACACGAG,12,Magi2,39.76
Purkinje_Aldoc_7,Xa_F001_TCCGTGTCAACACGAG,13,Nrxn3,35.08
Purkinje_Aldoc_7,Xa_F001_TCCGTGTCAACACGAG,14,Cdh18,33.68
Purkinje_Aldoc_7,Xa_F001_TCCGTGTCAACACGAG,15,Pcdh9,33.68
Purkinje_Aldoc_7,Xa_F001_TCCGTGTCAACACGAG,16,Cntnap5b,33.21
Purkinje_Aldoc_7,Xa_F001_TCCGTGTCAACACGAG,17,Kcnma1,31.81
Purkinje_Aldoc_7,Xa_F001_TCCGTGTCAACACGAG,18,Frmd4a,31.81
Purkinje_Aldoc_7,Xa_F001_TCCGTGTCAACACGAG,19,Cacna1a,31.34
Purkinje_Aldoc_7,Xa_F001_TCCGTGTCAACACGAG,20,Garnl3,27.13
Purkinje_Aldoc_7,Xa_F001_TCCGTGTCAACACGAG,21,Ntm,26.66
Purkinje_Aldoc_7,Xa_F001_TCCGTGTCAACACGAG,22,Car8,26.19
Purkinje_Aldoc_7,Xa_F001_TCCGTGTCAACACGAG,23,Fgf14,24.79
Purkinje_Aldoc_7,Xa_F001_TCCGTGTCAACACGAG,24,Grip1,24.32
Purkinje_Aldoc_7,Xa_F001_TCCGTGTCAACACGAG,25,Fam155a,23.86
Purkinje_Aldoc_7,Xb_F001_GCAACATGTGCCCAGT,1,Malat1,2782.38
Purkinje_Aldoc_7,Xb_F001_GCAACATGTGCCCAGT,2,Grid2,303.42
Purkinje_Aldoc_7,Xb_F001_GCAACATGTGCCCAGT,3,Anks1b,113.46
Purkinje_Aldoc_7,Xb_F001_GCAACATGTGCCCAGT,4,Prkg1,112.19
Purkinje_Aldoc_7,Xb_F001_GCAACATGTGCCCAGT,5,Itpr1,89.88
Purkinje_Aldoc_7,Xb_F001_GCAACATGTGCCCAGT,6,Cdh18,87.33
Purkinje_Aldoc_7,Xb_F001_GCAACATGTGCCCAGT,7,Snhg11,85.42
Purkinje_Aldoc_7,Xb_F001_GCAACATGTGCCCAGT,8,Auts2,72.03
Purkinje_Aldoc_7,Xb_F001_GCAACATGTGCCCAGT,9,Frmpd4,63.74
Purkinje_Aldoc_7,Xb_F001_GCAACATGTGCCCAGT,10,Adgrb3,61.83
Purkinje_Aldoc_7,Xb_F001_GCAACATGTGCCCAGT,11,Magi2,58.01
Purkinje_Aldoc_7,Xb_F001_GCAACATGTGCCCAGT,12,Meg3,56.09
Purkinje_Aldoc_7,Xb_F001_GCAACATGTGCCCAGT,13,Nrxn3,45.89
Purkinje_Aldoc_7,Xb_F001_GCAACATGTGCCCAGT,14,Pcdh9,45.26
Purkinje_Aldoc_7,Xb_F001_GCAACATGTGCCCAGT,15,Frmd4a,44.62
Purkinje_Aldoc_7,Xb_F001_GCAACATGTGCCCAGT,16,Ntm,40.16
Purkinje_Aldoc_7,Xb_F001_GCAACATGTGCCCAGT,17,Kcnma1,39.52
Purkinje_Aldoc_7,Xb_F001_GCAACATGTGCCCAGT,18,Cntnap5b,38.88
Purkinje_Aldoc_7,Xb_F001_GCAACATGTGCCCAGT,19,Dlg2,33.78
Purkinje_Aldoc_7,Xb_F001_GCAACATGTGCCCAGT,20,Cacna1a,33.78
Purkinje_Aldoc_7,Xb_F001_GCAACATGTGCCCAGT,21,Fgf14,30.6
Purkinje_Aldoc_7,Xb_F001_GCAACATGTGCCCAGT,22,Fam155a,29.96
Purkinje_Aldoc_7,Xb_F001_GCAACATGTGCCCAGT,23,Ptchd4,29.32
Purkinje_Aldoc_7,Xb_F001_GCAACATGTGCCCAGT,24,Erc2,29.32
Purkinje_Aldoc_7,Xb_F001_GCAACATGTGCCCAGT,25,Dpp10,29.32
Purkinje_Anti_Aldoc_1,Ia_M001_AGGTTACAGAACCCGA,1,Malat1,2340.79
Purkinje_Anti_Aldoc_1,Ia_M001_AGGTTACAGAACCCGA,2,Grid2,480.09
Purkinje_Anti_Aldoc_1,Ia_M001_AGGTTACAGAACCCGA,3,Anks1b,183.93
Purkinje_Anti_Aldoc_1,Ia_M001_AGGTTACAGAACCCGA,4,Prkg1,120.69
Purkinje_Anti_Aldoc_1,Ia_M001_AGGTTACAGAACCCGA,5,Auts2,90.41
Purkinje_Anti_Aldoc_1,Ia_M001_AGGTTACAGAACCCGA,6,Itpr1,87.29
Purkinje_Anti_Aldoc_1,Ia_M001_AGGTTACAGAACCCGA,7,Snhg11,87.29
Purkinje_Anti_Aldoc_1,Ia_M001_AGGTTACAGAACCCGA,8,Adgrb3,82.39
Purkinje_Anti_Aldoc_1,Ia_M001_AGGTTACAGAACCCGA,9,Magi2,61.9
Purkinje_Anti_Aldoc_1,Ia_M001_AGGTTACAGAACCCGA,10,Dlg2,58.79
Purkinje_Anti_Aldoc_1,Ia_M001_AGGTTACAGAACCCGA,11,Cdh18,56.56
Purkinje_Anti_Aldoc_1,Ia_M001_AGGTTACAGAACCCGA,12,Pcdh9,55.67
Purkinje_Anti_Aldoc_1,Ia_M001_AGGTTACAGAACCCGA,13,Nrxn3,55.22
Purkinje_Anti_Aldoc_1,Ia_M001_AGGTTACAGAACCCGA,14,Frmpd4,53.0
Purkinje_Anti_Aldoc_1,Ia_M001_AGGTTACAGAACCCGA,15,Etl4,45.87
Purkinje_Anti_Aldoc_1,Ia_M001_AGGTTACAGAACCCGA,16,Meg3,42.75
Purkinje_Anti_Aldoc_1,Ia_M001_AGGTTACAGAACCCGA,17,Dab1,41.42
Purkinje_Anti_Aldoc_1,Ia_M001_AGGTTACAGAACCCGA,18,Dpp10,40.97
Purkinje_Anti_Aldoc_1,Ia_M001_AGGTTACAGAACCCGA,19,Ntm,40.53
Purkinje_Anti_Aldoc_1,Ia_M001_AGGTTACAGAACCCGA,20,Cacna1a,39.19
Purkinje_Anti_Aldoc_1,Ia_M001_AGGTTACAGAACCCGA,21,Car8,37.86
Purkinje_Anti_Aldoc_1,Ia_M001_AGGTTACAGAACCCGA,22,Kcnma1,36.96
Purkinje_Anti_Aldoc_1,Ia_M001_AGGTTACAGAACCCGA,23,Lsamp,33.4
Purkinje_Anti_Aldoc_1,Ia_M001_AGGTTACAGAACCCGA,24,Kcnip1,33.4
Purkinje_Anti_Aldoc_1,Ia_M001_AGGTTACAGAACCCGA,25,Fgf14,32.51
Purkinje_Anti_Aldoc_1,Ia_M001_TCCTCCCAGCAAGGAA,1,Malat1,2075.38
Purkinje_Anti_Aldoc_1,Ia_M001_TCCTCCCAGCAAGGAA,2,Grid2,569.81
Purkinje_Anti_Aldoc_1,Ia_M001_TCCTCCCAGCAAGGAA,3,Anks1b,158.28
Purkinje_Anti_Aldoc_1,Ia_M001_TCCTCCCAGCAAGGAA,4,Itpr1,114.38
Purkinje_Anti_Aldoc_1,Ia_M001_TCCTCCCAGCAAGGAA,5,Auts2,108.48
Purkinje_Anti_Aldoc_1,Ia_M001_TCCTCCCAGCAAGGAA,6,Snhg11,101.3
Purkinje_Anti_Aldoc_1,Ia_M001_TCCTCCCAGCAAGGAA,7,Adgrb3,74.71
Purkinje_Anti_Aldoc_1,Ia_M001_TCCTCCCAGCAAGGAA,8,Magi2,74.29
Purkinje_Anti_Aldoc_1,Ia_M001_TCCTCCCAGCAAGGAA,9,Frmpd4,73.02
Purkinje_Anti_Aldoc_1,Ia_M001_TCCTCCCAGCAAGGAA,10,Prkg1,67.53
Purkinje_Anti_Aldoc_1,Ia_M001_TCCTCCCAGCAAGGAA,11,Meg3,59.94
Purkinje_Anti_Aldoc_1,Ia_M001_TCCTCCCAGCAAGGAA,12,Kcnma1,53.6
Purkinje_Anti_Aldoc_1,Ia_M001_TCCTCCCAGCAAGGAA,13,Ntm,52.34
Purkinje_Anti_Aldoc_1,Ia_M001_TCCTCCCAGCAAGGAA,14,Dlg2,51.07
Purkinje_Anti_Aldoc_1,Ia_M001_TCCTCCCAGCAAGGAA,15,Frmd4a,46.85
Purkinje_Anti_Aldoc_1,Ia_M001_TCCTCCCAGCAAGGAA,16,Pcdh9,46.85
Purkinje_Anti_Aldoc_1,Ia_M001_TCCTCCCAGCAAGGAA,17,Dpp10,45.59
Purkinje_Anti_Aldoc_1,Ia_M001_TCCTCCCAGCAAGGAA,18,Fgf14,42.63
Purkinje_Anti_Aldoc_1,Ia_M001_TCCTCCCAGCAAGGAA,19,Car8,39.25
Purkinje_Anti_Aldoc_1,Ia_M001_TCCTCCCAGCAAGGAA,20,Etl4,37.14
Purkinje_Anti_Aldoc_1,Ia_M001_TCCTCCCAGCAAGGAA,21,Nrxn3,36.72
Purkinje_Anti_Aldoc_1,Ia_M001_TCCTCCCAGCAAGGAA,22,Cdh18,36.3
Purkinje_Anti_Aldoc_1,Ia_M001_TCCTCCCAGCAAGGAA,23,Cacna1a,35.03
Purkinje_Anti_Aldoc_1,Ia_M001_TCCTCCCAGCAAGGAA,24,Large,34.61
Purkinje_Anti_Aldoc_1,Ia_M001_TCCTCCCAGCAAGGAA,25,Dab1,33.77
Purkinje_Anti_Aldoc_1,Ia_M001_TATTCCATCCGATTAG,1,Malat1,2417.35
Purkinje_Anti_Aldoc_1,Ia_M001_TATTCCATCCGATTAG,2,Grid2,496.36
Purkinje_Anti_Aldoc_1,Ia_M001_TATTCCATCCGATTAG,3,Anks1b,151.76
Purkinje_Anti_Aldoc_1,Ia_M001_TATTCCATCCGATTAG,4,Prkg1,123.27
Purkinje_Anti_Aldoc_1,Ia_M001_TATTCCATCCGATTAG,5,Auts2,94.79
Purkinje_Anti_Aldoc_1,Ia_M001_TATTCCATCCGATTAG,6,Itpr1,93.39
Purkinje_Anti_Aldoc_1,Ia_M001_TATTCCATCCGATTAG,7,Snhg11,82.65
Purkinje_Anti_Aldoc_1,Ia_M001_TATTCCATCCGATTAG,8,Adgrb3,80.78
Purkinje_Anti_Aldoc_1,Ia_M001_TATTCCATCCGATTAG,9,Magi2,57.43
Purkinje_Anti_Aldoc_1,Ia_M001_TATTCCATCCGATTAG,10,Kcnma1,53.23
Purkinje_Anti_Aldoc_1,Ia_M001_TATTCCATCCGATTAG,11,Dlg2,45.76
Purkinje_Anti_Aldoc_1,Ia_M001_TATTCCATCCGATTAG,12,Etl4,45.76
Purkinje_Anti_Aldoc_1,Ia_M001_TATTCCATCCGATTAG,13,Cacna1a,44.83
Purkinje_Anti_Aldoc_1,Ia_M001_TATTCCATCCGATTAG,14,Meg3,43.43
Purkinje_Anti_Aldoc_1,Ia_M001_TATTCCATCCGATTAG,15,Nrxn3,41.56
Purkinje_Anti_Aldoc_1,Ia_M001_TATTCCATCCGATTAG,16,Frmpd4,41.09
Purkinje_Anti_Aldoc_1,Ia_M001_TATTCCATCCGATTAG,17,Ntm,39.69
Purkinje_Anti_Aldoc_1,Ia_M001_TATTCCATCCGATTAG,18,Cdh18,39.22
Purkinje_Anti_Aldoc_1,Ia_M001_TATTCCATCCGATTAG,19,Grm1,38.76
Purkinje_Anti_Aldoc_1,Ia_M001_TATTCCATCCGATTAG,20,Car8,37.36
Purkinje_Anti_Aldoc_1,Ia_M001_TATTCCATCCGATTAG,21,Astn2,37.36
Purkinje_Anti_Aldoc_1,Ia_M001_TATTCCATCCGATTAG,22,Dpp10,36.89
Purkinje_Anti_Aldoc_1,Ia_M001_TATTCCATCCGATTAG,23,Pcdh9,35.95
Purkinje_Anti_Aldoc_1,Ia_M001_TATTCCATCCGATTAG,24,Garnl3,35.95
Purkinje_Anti_Aldoc_1,Ia_M001_TATTCCATCCGATTAG,25,Dab1,33.62
Purkinje_Anti_Aldoc_1,Ia_M001_GCTACAACAGTCCGTG,1,Malat1,2295.06
Purkinje_Anti_Aldoc_1,Ia_M001_GCTACAACAGTCCGTG,2,Grid2,684.36
Purkinje_Anti_Aldoc_1,Ia_M001_GCTACAACAGTCCGTG,3,Itpr1,126.85
Purkinje_Anti_Aldoc_1,Ia_M001_GCTACAACAGTCCGTG,4,Prkg1,124.19
Purkinje_Anti_Aldoc_1,Ia_M001_GCTACAACAGTCCGTG,5,Auts2,97.54
Purkinje_Anti_Aldoc_1,Ia_M001_GCTACAACAGTCCGTG,6,Snhg11,95.94
Purkinje_Anti_Aldoc_1,Ia_M001_GCTACAACAGTCCGTG,7,Adgrb3,76.22
Purkinje_Anti_Aldoc_1,Ia_M001_GCTACAACAGTCCGTG,8,Frmpd4,70.89
Purkinje_Anti_Aldoc_1,Ia_M001_GCTACAACAGTCCGTG,9,Anks1b,65.03
Purkinje_Anti_Aldoc_1,Ia_M001_GCTACAACAGTCCGTG,10,Dlg2,65.03
Purkinje_Anti_Aldoc_1,Ia_M001_GCTACAACAGTCCGTG,11,Cdh18,57.56
Purkinje_Anti_Aldoc_1,Ia_M001_GCTACAACAGTCCGTG,12,Meg3,49.57
Purkinje_Anti_Aldoc_1,Ia_M001_GCTACAACAGTCCGTG,13,Dmd,46.9
Purkinje_Anti_Aldoc_1,Ia_M001_GCTACAACAGTCCGTG,14,Ntm,46.9
Purkinje_Anti_Aldoc_1,Ia_M001_GCTACAACAGTCCGTG,15,Frmd4a,45.84
Purkinje_Anti_Aldoc_1,Ia_M001_GCTACAACAGTCCGTG,16,Nrxn3,44.77
Purkinje_Anti_Aldoc_1,Ia_M001_GCTACAACAGTCCGTG,17,Dpp10,44.24
Purkinje_Anti_Aldoc_1,Ia_M001_GCTACAACAGTCCGTG,18,Magi2,42.64
Purkinje_Anti_Aldoc_1,Ia_M001_GCTACAACAGTCCGTG,19,Fgf14,41.04
Purkinje_Anti_Aldoc_1,Ia_M001_GCTACAACAGTCCGTG,20,Large,39.44
Purkinje_Anti_Aldoc_1,Ia_M001_GCTACAACAGTCCGTG,21,Cacna1a,36.78
Purkinje_Anti_Aldoc_1,Ia_M001_GCTACAACAGTCCGTG,22,Etl4,34.11
Purkinje_Anti_Aldoc_1,Ia_M001_GCTACAACAGTCCGTG,23,Lsamp,33.58
Purkinje_Anti_Aldoc_1,Ia_M001_GCTACAACAGTCCGTG,24,Cntnap5b,33.58
Purkinje_Anti_Aldoc_1,Ia_M001_GCTACAACAGTCCGTG,25,Kcnma1,33.58
Purkinje_Anti_Aldoc_1,IIa_M001_GTGTGATGTCCAGCAC,1,Malat1,2003.35
Purkinje_Anti_Aldoc_1,IIa_M001_GTGTGATGTCCAGCAC,2,Grid2,566.7
Purkinje_Anti_Aldoc_1,IIa_M001_GTGTGATGTCCAGCAC,3,Anks1b,153.73
Purkinje_Anti_Aldoc_1,IIa_M001_GTGTGATGTCCAGCAC,4,Itpr1,106.91
Purkinje_Anti_Aldoc_1,IIa_M001_GTGTGATGTCCAGCAC,5,Auts2,106.21
Purkinje_Anti_Aldoc_1,IIa_M001_GTGTGATGTCCAGCAC,6,Prkg1,97.13
Purkinje_Anti_Aldoc_1,IIa_M001_GTGTGATGTCCAGCAC,7,Adgrb3,88.04
Purkinje_Anti_Aldoc_1,IIa_M001_GTGTGATGTCCAGCAC,8,Snhg11,77.56
Purkinje_Anti_Aldoc_1,IIa_M001_GTGTGATGTCCAGCAC,9,Magi2,70.58
Purkinje_Anti_Aldoc_1,IIa_M001_GTGTGATGTCCAGCAC,10,Frmpd4,64.98
Purkinje_Anti_Aldoc_1,IIa_M001_GTGTGATGTCCAGCAC,11,Dlg2,64.29
Purkinje_Anti_Aldoc_1,IIa_M001_GTGTGATGTCCAGCAC,12,Ntm,58.7
Purkinje_Anti_Aldoc_1,IIa_M001_GTGTGATGTCCAGCAC,13,Pcdh9,58.0
Purkinje_Anti_Aldoc_1,IIa_M001_GTGTGATGTCCAGCAC,14,Kcnma1,52.41
Purkinje_Anti_Aldoc_1,IIa_M001_GTGTGATGTCCAGCAC,15,Fgf14,50.31
Purkinje_Anti_Aldoc_1,IIa_M001_GTGTGATGTCCAGCAC,16,Cdh18,48.21
Purkinje_Anti_Aldoc_1,IIa_M001_GTGTGATGTCCAGCAC,17,Meg3,42.62
Purkinje_Anti_Aldoc_1,IIa_M001_GTGTGATGTCCAGCAC,18,Dab1,42.62
Purkinje_Anti_Aldoc_1,IIa_M001_GTGTGATGTCCAGCAC,19,Dpp10,39.13
Purkinje_Anti_Aldoc_1,IIa_M001_GTGTGATGTCCAGCAC,20,Garnl3,37.73
Purkinje_Anti_Aldoc_1,IIa_M001_GTGTGATGTCCAGCAC,21,Nrxn3,37.03
Purkinje_Anti_Aldoc_1,IIa_M001_GTGTGATGTCCAGCAC,22,Car8,33.54
Purkinje_Anti_Aldoc_1,IIa_M001_GTGTGATGTCCAGCAC,23,Etl4,32.84
Purkinje_Anti_Aldoc_1,IIa_M001_GTGTGATGTCCAGCAC,24,Ttll5,31.44
Purkinje_Anti_Aldoc_1,IIa_M001_GTGTGATGTCCAGCAC,25,Shisa6,31.44
Purkinje_Anti_Aldoc_2,SIMd_M002_GAGGCCTCACCGTGGT,1,Malat1,2597.28
Purkinje_Anti_Aldoc_2,SIMd_M002_GAGGCCTCACCGTGGT,2,Grid2,447.05
Purkinje_Anti_Aldoc_2,SIMd_M002_GAGGCCTCACCGTGGT,3,Anks1b,162.26
Purkinje_Anti_Aldoc_2,SIMd_M002_GAGGCCTCACCGTGGT,4,Prkg1,119.56
Purkinje_Anti_Aldoc_2,SIMd_M002_GAGGCCTCACCGTGGT,5,Snhg11,96.17
Purkinje_Anti_Aldoc_2,SIMd_M002_GAGGCCTCACCGTGGT,6,Itpr1,86.51
Purkinje_Anti_Aldoc_2,SIMd_M002_GAGGCCTCACCGTGGT,7,Auts2,76.86
Purkinje_Anti_Aldoc_2,SIMd_M002_GAGGCCTCACCGTGGT,8,Frmpd4,57.18
Purkinje_Anti_Aldoc_2,SIMd_M002_GAGGCCTCACCGTGGT,9,Adgrb3,56.07
Purkinje_Anti_Aldoc_2,SIMd_M002_GAGGCCTCACCGTGGT,10,Kcnma1,53.47
Purkinje_Anti_Aldoc_2,SIMd_M002_GAGGCCTCACCGTGGT,11,Meg3,49.75
Purkinje_Anti_Aldoc_2,SIMd_M002_GAGGCCTCACCGTGGT,12,Dlg2,45.3
Purkinje_Anti_Aldoc_2,SIMd_M002_GAGGCCTCACCGTGGT,13,Magi2,45.3
Purkinje_Anti_Aldoc_2,SIMd_M002_GAGGCCTCACCGTGGT,14,Cdh18,40.84
Purkinje_Anti_Aldoc_2,SIMd_M002_GAGGCCTCACCGTGGT,15,Ntm,40.84
Purkinje_Anti_Aldoc_2,SIMd_M002_GAGGCCTCACCGTGGT,16,Fgf14,39.73
Purkinje_Anti_Aldoc_2,SIMd_M002_GAGGCCTCACCGTGGT,17,Car8,36.76
Purkinje_Anti_Aldoc_2,SIMd_M002_GAGGCCTCACCGTGGT,18,Etl4,33.42
Purkinje_Anti_Aldoc_2,SIMd_M002_GAGGCCTCACCGTGGT,19,Lsamp,32.67
Purkinje_Anti_Aldoc_2,SIMd_M002_GAGGCCTCACCGTGGT,20,Nrxn3,32.3
Purkinje_Anti_Aldoc_2,SIMd_M002_GAGGCCTCACCGTGGT,21,Pcdh9,31.56
Purkinje_Anti_Aldoc_2,SIMd_M002_GAGGCCTCACCGTGGT,22,Dpp10,29.7
Purkinje_Anti_Aldoc_2,SIMd_M002_GAGGCCTCACCGTGGT,23,Dab1,28.96
Purkinje_Anti_Aldoc_2,SIMd_M002_GAGGCCTCACCGTGGT,24,Kcnip1,28.22
Purkinje_Anti_Aldoc_2,SIMd_M002_GAGGCCTCACCGTGGT,25,Garnl3,27.85
Purkinje_Anti_Aldoc_2,CULa_M002_AGAAGTACATGGCTGC,1,Malat1,2213.15
Purkinje_Anti_Aldoc_2,CULa_M002_AGAAGTACATGGCTGC,2,Grid2,482.57
Purkinje_Anti_Aldoc_2,CULa_M002_AGAAGTACATGGCTGC,3,Anks1b,155.55
Purkinje_Anti_Aldoc_2,CULa_M002_AGAAGTACATGGCTGC,4,Prkg1,95.19
Purkinje_Anti_Aldoc_2,CULa_M002_AGAAGTACATGGCTGC,5,Auts2,90.99
Purkinje_Anti_Aldoc_2,CULa_M002_AGAAGTACATGGCTGC,6,Snhg11,88.59
Purkinje_Anti_Aldoc_2,CULa_M002_AGAAGTACATGGCTGC,7,Itpr1,77.48
Purkinje_Anti_Aldoc_2,CULa_M002_AGAAGTACATGGCTGC,8,Adgrb3,75.37
Purkinje_Anti_Aldoc_2,CULa_M002_AGAAGTACATGGCTGC,9,Dlg2,65.16
Purkinje_Anti_Aldoc_2,CULa_M002_AGAAGTACATGGCTGC,10,Meg3,59.46
Purkinje_Anti_Aldoc_2,CULa_M002_AGAAGTACATGGCTGC,11,Frmpd4,53.15
Purkinje_Anti_Aldoc_2,CULa_M002_AGAAGTACATGGCTGC,12,Magi2,49.55
Purkinje_Anti_Aldoc_2,CULa_M002_AGAAGTACATGGCTGC,13,Car8,43.24
Purkinje_Anti_Aldoc_2,CULa_M002_AGAAGTACATGGCTGC,14,Kcnma1,43.24
Purkinje_Anti_Aldoc_2,CULa_M002_AGAAGTACATGGCTGC,15,Dpp10,39.04
Purkinje_Anti_Aldoc_2,CULa_M002_AGAAGTACATGGCTGC,16,Cdh18,38.44
Purkinje_Anti_Aldoc_2,CULa_M002_AGAAGTACATGGCTGC,17,Dab1,38.14
Purkinje_Anti_Aldoc_2,CULa_M002_AGAAGTACATGGCTGC,18,Cacna1a,37.24
Purkinje_Anti_Aldoc_2,CULa_M002_AGAAGTACATGGCTGC,19,Ntm,36.94
Purkinje_Anti_Aldoc_2,CULa_M002_AGAAGTACATGGCTGC,20,Nrxn3,36.34
Purkinje_Anti_Aldoc_2,CULa_M002_AGAAGTACATGGCTGC,21,Pcdh9,30.03
Purkinje_Anti_Aldoc_2,CULa_M002_AGAAGTACATGGCTGC,22,Fgf14,29.73
Purkinje_Anti_Aldoc_2,CULa_M002_AGAAGTACATGGCTGC,23,Astn2,27.03
Purkinje_Anti_Aldoc_2,CULa_M002_AGAAGTACATGGCTGC,24,Etl4,26.73
Purkinje_Anti_Aldoc_2,CULa_M002_AGAAGTACATGGCTGC,25,Shisa6,26.73
Purkinje_Anti_Aldoc_2,AN2c_M002_CATTGTTTCTTCACAT,1,Malat1,2398.25
Purkinje_Anti_Aldoc_2,AN2c_M002_CATTGTTTCTTCACAT,2,Grid2,424.36
Purkinje_Anti_Aldoc_2,AN2c_M002_CATTGTTTCTTCACAT,3,Anks1b,166.72
Purkinje_Anti_Aldoc_2,AN2c_M002_CATTGTTTCTTCACAT,4,Prkg1,113.21
Purkinje_Anti_Aldoc_2,AN2c_M002_CATTGTTTCTTCACAT,5,Auts2,89.92
Purkinje_Anti_Aldoc_2,AN2c_M002_CATTGTTTCTTCACAT,6,Itpr1,88.69
Purkinje_Anti_Aldoc_2,AN2c_M002_CATTGTTTCTTCACAT,7,Snhg11,83.98
Purkinje_Anti_Aldoc_2,AN2c_M002_CATTGTTTCTTCACAT,8,Adgrb3,69.36
Purkinje_Anti_Aldoc_2,AN2c_M002_CATTGTTTCTTCACAT,9,Dlg2,59.7
Purkinje_Anti_Aldoc_2,AN2c_M002_CATTGTTTCTTCACAT,10,Cdh18,59.21
Purkinje_Anti_Aldoc_2,AN2c_M002_CATTGTTTCTTCACAT,11,Magi2,51.03
Purkinje_Anti_Aldoc_2,AN2c_M002_CATTGTTTCTTCACAT,12,Kcnma1,50.29
Purkinje_Anti_Aldoc_2,AN2c_M002_CATTGTTTCTTCACAT,13,Ntm,49.55
Purkinje_Anti_Aldoc_2,AN2c_M002_CATTGTTTCTTCACAT,14,Car8,48.31
Purkinje_Anti_Aldoc_2,AN2c_M002_CATTGTTTCTTCACAT,15,Fgf14,44.59
Purkinje_Anti_Aldoc_2,AN2c_M002_CATTGTTTCTTCACAT,16,Frmpd4,38.89
Purkinje_Anti_Aldoc_2,AN2c_M002_CATTGTTTCTTCACAT,17,Dpp10,36.17
Purkinje_Anti_Aldoc_2,AN2c_M002_CATTGTTTCTTCACAT,18,Etl4,35.42
Purkinje_Anti_Aldoc_2,AN2c_M002_CATTGTTTCTTCACAT,19,Meg3,34.68
Purkinje_Anti_Aldoc_2,AN2c_M002_CATTGTTTCTTCACAT,20,Dmd,34.43
Purkinje_Anti_Aldoc_2,AN2c_M002_CATTGTTTCTTCACAT,21,Cacna1a,30.97
Purkinje_Anti_Aldoc_2,AN2c_M002_CATTGTTTCTTCACAT,22,Dab1,30.47
Purkinje_Anti_Aldoc_2,AN2c_M002_CATTGTTTCTTCACAT,23,Frmd4a,30.22
Purkinje_Anti_Aldoc_2,AN2c_M002_CATTGTTTCTTCACAT,24,Nrxn3,28.24
Purkinje_Anti_Aldoc_2,AN2c_M002_CATTGTTTCTTCACAT,25,Grm1,27.99
Purkinje_Anti_Aldoc_2,SIMc_M002_ATCGTCCAGTCTACCA,1,Malat1,2060.38
Purkinje_Anti_Aldoc_2,SIMc_M002_ATCGTCCAGTCTACCA,2,Grid2,528.05
Purkinje_Anti_Aldoc_2,SIMc_M002_ATCGTCCAGTCTACCA,3,Anks1b,205.69
Purkinje_Anti_Aldoc_2,SIMc_M002_ATCGTCCAGTCTACCA,4,Auts2,109.25
Purkinje_Anti_Aldoc_2,SIMc_M002_ATCGTCCAGTCTACCA,5,Snhg11,101.4
Purkinje_Anti_Aldoc_2,SIMc_M002_ATCGTCCAGTCTACCA,6,Prkg1,95.2
Purkinje_Anti_Aldoc_2,SIMc_M002_ATCGTCCAGTCTACCA,7,Itpr1,88.39
Purkinje_Anti_Aldoc_2,SIMc_M002_ATCGTCCAGTCTACCA,8,Adgrb3,84.67
Purkinje_Anti_Aldoc_2,SIMc_M002_ATCGTCCAGTCTACCA,9,Meg3,65.46
Purkinje_Anti_Aldoc_2,SIMc_M002_ATCGTCCAGTCTACCA,10,Magi2,62.99
Purkinje_Anti_Aldoc_2,SIMc_M002_ATCGTCCAGTCTACCA,11,Ntm,53.07
Purkinje_Anti_Aldoc_2,SIMc_M002_ATCGTCCAGTCTACCA,12,Cdh18,53.07
Purkinje_Anti_Aldoc_2,SIMc_M002_ATCGTCCAGTCTACCA,13,Dlg2,52.66
Purkinje_Anti_Aldoc_2,SIMc_M002_ATCGTCCAGTCTACCA,14,Frmpd4,51.63
Purkinje_Anti_Aldoc_2,SIMc_M002_ATCGTCCAGTCTACCA,15,Kcnma1,47.91
Purkinje_Anti_Aldoc_2,SIMc_M002_ATCGTCCAGTCTACCA,16,Cacna1a,41.3
Purkinje_Anti_Aldoc_2,SIMc_M002_ATCGTCCAGTCTACCA,17,Car8,36.14
Purkinje_Anti_Aldoc_2,SIMc_M002_ATCGTCCAGTCTACCA,18,Pcdh9,35.31
Purkinje_Anti_Aldoc_2,SIMc_M002_ATCGTCCAGTCTACCA,19,Fgf14,33.04
Purkinje_Anti_Aldoc_2,SIMc_M002_ATCGTCCAGTCTACCA,20,Frmd4a,32.84
Purkinje_Anti_Aldoc_2,SIMc_M002_ATCGTCCAGTCTACCA,21,Dab1,32.84
Purkinje_Anti_Aldoc_2,SIMc_M002_ATCGTCCAGTCTACCA,22,Dpp10,32.22
Purkinje_Anti_Aldoc_2,SIMc_M002_ATCGTCCAGTCTACCA,23,Dmd,32.22
Purkinje_Anti_Aldoc_2,SIMc_M002_ATCGTCCAGTCTACCA,24,Garnl3,29.74
Purkinje_Anti_Aldoc_2,SIMc_M002_ATCGTCCAGTCTACCA,25,Nrxn3,29.32
Purkinje_Anti_Aldoc_2,AN2c_M002_CTTGAGAAGTTGGCTT,1,Malat1,2235.46
Purkinje_Anti_Aldoc_2,AN2c_M002_CTTGAGAAGTTGGCTT,2,Grid2,518.65
Purkinje_Anti_Aldoc_2,AN2c_M002_CTTGAGAAGTTGGCTT,3,Anks1b,187.65
Purkinje_Anti_Aldoc_2,AN2c_M002_CTTGAGAAGTTGGCTT,4,Itpr1,108.72
Purkinje_Anti_Aldoc_2,AN2c_M002_CTTGAGAAGTTGGCTT,5,Auts2,95.69
Purkinje_Anti_Aldoc_2,AN2c_M002_CTTGAGAAGTTGGCTT,6,Adgrb3,89.73
Purkinje_Anti_Aldoc_2,AN2c_M002_CTTGAGAAGTTGGCTT,7,Prkg1,89.36
Purkinje_Anti_Aldoc_2,AN2c_M002_CTTGAGAAGTTGGCTT,8,Snhg11,83.77
Purkinje_Anti_Aldoc_2,AN2c_M002_CTTGAGAAGTTGGCTT,9,Magi2,76.33
Purkinje_Anti_Aldoc_2,AN2c_M002_CTTGAGAAGTTGGCTT,10,Dlg2,73.72
Purkinje_Anti_Aldoc_2,AN2c_M002_CTTGAGAAGTTGGCTT,11,Frmpd4,54.36
Purkinje_Anti_Aldoc_2,AN2c_M002_CTTGAGAAGTTGGCTT,12,Cdh18,49.89
Purkinje_Anti_Aldoc_2,AN2c_M002_CTTGAGAAGTTGGCTT,13,Car8,48.03
Purkinje_Anti_Aldoc_2,AN2c_M002_CTTGAGAAGTTGGCTT,14,Fgf14,48.03
Purkinje_Anti_Aldoc_2,AN2c_M002_CTTGAGAAGTTGGCTT,15,Kcnma1,46.54
Purkinje_Anti_Aldoc_2,AN2c_M002_CTTGAGAAGTTGGCTT,16,Nrxn3,43.56
Purkinje_Anti_Aldoc_2,AN2c_M002_CTTGAGAAGTTGGCTT,17,Ntm,40.21
Purkinje_Anti_Aldoc_2,AN2c_M002_CTTGAGAAGTTGGCTT,18,Cacna1a,40.21
Purkinje_Anti_Aldoc_2,AN2c_M002_CTTGAGAAGTTGGCTT,19,Meg3,38.72
Purkinje_Anti_Aldoc_2,AN2c_M002_CTTGAGAAGTTGGCTT,20,Dab1,37.61
Purkinje_Anti_Aldoc_2,AN2c_M002_CTTGAGAAGTTGGCTT,21,Garnl3,36.86
Purkinje_Anti_Aldoc_2,AN2c_M002_CTTGAGAAGTTGGCTT,22,Kcnip1,36.12
Purkinje_Anti_Aldoc_2,AN2c_M002_CTTGAGAAGTTGGCTT,23,Pcdh9,35.37
Purkinje_Anti_Aldoc_2,AN2c_M002_CTTGAGAAGTTGGCTT,24,Dpp10,35.37
Purkinje_Anti_Aldoc_2,AN2c_M002_CTTGAGAAGTTGGCTT,25,Frmd4a,35.0
